dataset,track_id,condition,snr_db,accomp,detector,precision,recall,f_measure,n_ref,n_est
vocadito,1,clean,,The Long Wait - Dark Horses,spectral_flux,0.4875,0.6610169491525424,0.5611510791366906,59,80
vocadito,1,clean,,The Long Wait - Dark Horses,superflux,0.5,0.6610169491525424,0.5693430656934306,59,78
vocadito,1,clean,,The Long Wait - Dark Horses,madmom_cnn,0.6774193548387096,0.711864406779661,0.6942148760330579,59,62
vocadito,1,mix,-5.0,The Long Wait - Dark Horses,spectral_flux,0.2215909090909091,0.6610169491525424,0.3319148936170213,59,176
vocadito,1,mix,-5.0,The Long Wait - Dark Horses,superflux,0.23026315789473684,0.5932203389830508,0.3317535545023697,59,152
vocadito,1,mix,-5.0,The Long Wait - Dark Horses,madmom_cnn,0.2345679012345679,0.6440677966101694,0.34389140271493207,59,162
vocadito,1,separated,-5.0,The Long Wait - Dark Horses,spectral_flux,0.3888888888888889,0.711864406779661,0.5029940119760479,59,108
vocadito,1,separated,-5.0,The Long Wait - Dark Horses,superflux,0.46153846153846156,0.711864406779661,0.5599999999999999,59,91
vocadito,1,separated,-5.0,The Long Wait - Dark Horses,madmom_cnn,0.75,0.6101694915254238,0.6728971962616822,59,48
vocadito,1,mix,0.0,The Long Wait - Dark Horses,spectral_flux,0.21965317919075145,0.6440677966101694,0.3275862068965517,59,173
vocadito,1,mix,0.0,The Long Wait - Dark Horses,superflux,0.2356687898089172,0.6271186440677966,0.3425925925925926,59,157
vocadito,1,mix,0.0,The Long Wait - Dark Horses,madmom_cnn,0.2792207792207792,0.7288135593220338,0.40375586854460094,59,154
vocadito,1,separated,0.0,The Long Wait - Dark Horses,spectral_flux,0.37755102040816324,0.6271186440677966,0.4713375796178344,59,98
vocadito,1,separated,0.0,The Long Wait - Dark Horses,superflux,0.4634146341463415,0.6440677966101694,0.5390070921985816,59,82
vocadito,1,separated,0.0,The Long Wait - Dark Horses,madmom_cnn,0.7017543859649122,0.6779661016949152,0.689655172413793,59,57
vocadito,1,mix,5.0,The Long Wait - Dark Horses,spectral_flux,0.23353293413173654,0.6610169491525424,0.3451327433628319,59,167
vocadito,1,mix,5.0,The Long Wait - Dark Horses,superflux,0.2635135135135135,0.6610169491525424,0.3768115942028985,59,148
vocadito,1,mix,5.0,The Long Wait - Dark Horses,madmom_cnn,0.30597014925373134,0.6949152542372882,0.42487046632124353,59,134
vocadito,1,separated,5.0,The Long Wait - Dark Horses,spectral_flux,0.3958333333333333,0.6440677966101694,0.4903225806451612,59,96
vocadito,1,separated,5.0,The Long Wait - Dark Horses,superflux,0.48148148148148145,0.6610169491525424,0.5571428571428572,59,81
vocadito,1,separated,5.0,The Long Wait - Dark Horses,madmom_cnn,0.711864406779661,0.711864406779661,0.711864406779661,59,59
vocadito,10,clean,,PR - Oh No,spectral_flux,0.5833333333333334,0.6,0.591549295774648,35,36
vocadito,10,clean,,PR - Oh No,superflux,0.65625,0.6,0.626865671641791,35,32
vocadito,10,clean,,PR - Oh No,madmom_cnn,0.7142857142857143,0.7142857142857143,0.7142857142857143,35,35
vocadito,10,mix,-5.0,PR - Oh No,spectral_flux,0.38666666666666666,0.8285714285714286,0.5272727272727272,35,75
vocadito,10,mix,-5.0,PR - Oh No,superflux,0.42857142857142855,0.7714285714285715,0.5510204081632654,35,63
vocadito,10,mix,-5.0,PR - Oh No,madmom_cnn,0.32608695652173914,0.8571428571428571,0.47244094488188976,35,92
vocadito,10,separated,-5.0,PR - Oh No,spectral_flux,0.4520547945205479,0.9428571428571428,0.611111111111111,35,73
vocadito,10,separated,-5.0,PR - Oh No,superflux,0.45614035087719296,0.7428571428571429,0.5652173913043478,35,57
vocadito,10,separated,-5.0,PR - Oh No,madmom_cnn,0.5555555555555556,0.7142857142857143,0.6250000000000001,35,45
vocadito,10,mix,0.0,PR - Oh No,spectral_flux,0.3835616438356164,0.8,0.5185185185185185,35,73
vocadito,10,mix,0.0,PR - Oh No,superflux,0.42857142857142855,0.7714285714285715,0.5510204081632654,35,63
vocadito,10,mix,0.0,PR - Oh No,madmom_cnn,0.34782608695652173,0.9142857142857143,0.5039370078740156,35,92
vocadito,10,separated,0.0,PR - Oh No,spectral_flux,0.4507042253521127,0.9142857142857143,0.6037735849056604,35,71
vocadito,10,separated,0.0,PR - Oh No,superflux,0.5319148936170213,0.7142857142857143,0.6097560975609756,35,47
vocadito,10,separated,0.0,PR - Oh No,madmom_cnn,0.675,0.7714285714285715,0.72,35,40
vocadito,10,mix,5.0,PR - Oh No,spectral_flux,0.38961038961038963,0.8571428571428571,0.5357142857142857,35,77
vocadito,10,mix,5.0,PR - Oh No,superflux,0.46875,0.8571428571428571,0.606060606060606,35,64
vocadito,10,mix,5.0,PR - Oh No,madmom_cnn,0.34782608695652173,0.9142857142857143,0.5039370078740156,35,92
vocadito,10,separated,5.0,PR - Oh No,spectral_flux,0.56,0.8,0.6588235294117648,35,50
vocadito,10,separated,5.0,PR - Oh No,superflux,0.6216216216216216,0.6571428571428571,0.6388888888888888,35,37
vocadito,10,separated,5.0,PR - Oh No,madmom_cnn,0.6756756756756757,0.7142857142857143,0.6944444444444444,35,37
vocadito,11,clean,,M.E.R.C. Music - Knockout,spectral_flux,0.6052631578947368,0.6216216216216216,0.6133333333333333,37,38
vocadito,11,clean,,M.E.R.C. Music - Knockout,superflux,0.65625,0.5675675675675675,0.6086956521739131,37,32
vocadito,11,clean,,M.E.R.C. Music - Knockout,madmom_cnn,0.7352941176470589,0.6756756756756757,0.7042253521126761,37,34
vocadito,11,mix,-5.0,M.E.R.C. Music - Knockout,spectral_flux,0.2830188679245283,0.40540540540540543,0.33333333333333337,37,53
vocadito,11,mix,-5.0,M.E.R.C. Music - Knockout,superflux,0.24444444444444444,0.2972972972972973,0.2682926829268293,37,45
vocadito,11,mix,-5.0,M.E.R.C. Music - Knockout,madmom_cnn,0.3188405797101449,0.5945945945945946,0.4150943396226415,37,69
vocadito,11,separated,-5.0,M.E.R.C. Music - Knockout,spectral_flux,0.4716981132075472,0.6756756756756757,0.5555555555555556,37,53
vocadito,11,separated,-5.0,M.E.R.C. Music - Knockout,superflux,0.5128205128205128,0.5405405405405406,0.5263157894736842,37,39
vocadito,11,separated,-5.0,M.E.R.C. Music - Knockout,madmom_cnn,0.7333333333333333,0.5945945945945946,0.6567164179104478,37,30
vocadito,11,mix,0.0,M.E.R.C. Music - Knockout,spectral_flux,0.34615384615384615,0.4864864864864865,0.4044943820224719,37,52
vocadito,11,mix,0.0,M.E.R.C. Music - Knockout,superflux,0.2682926829268293,0.2972972972972973,0.28205128205128205,37,41
vocadito,11,mix,0.0,M.E.R.C. Music - Knockout,madmom_cnn,0.36363636363636365,0.6486486486486487,0.4660194174757281,37,66
vocadito,11,separated,0.0,M.E.R.C. Music - Knockout,spectral_flux,0.5853658536585366,0.6486486486486487,0.6153846153846153,37,41
vocadito,11,separated,0.0,M.E.R.C. Music - Knockout,superflux,0.7142857142857143,0.5405405405405406,0.6153846153846154,37,28
vocadito,11,separated,0.0,M.E.R.C. Music - Knockout,madmom_cnn,0.8,0.6486486486486487,0.7164179104477612,37,30
vocadito,11,mix,5.0,M.E.R.C. Music - Knockout,spectral_flux,0.38461538461538464,0.5405405405405406,0.44943820224719105,37,52
vocadito,11,mix,5.0,M.E.R.C. Music - Knockout,superflux,0.325,0.35135135135135137,0.33766233766233766,37,40
vocadito,11,mix,5.0,M.E.R.C. Music - Knockout,madmom_cnn,0.421875,0.7297297297297297,0.5346534653465346,37,64
vocadito,11,separated,5.0,M.E.R.C. Music - Knockout,spectral_flux,0.6388888888888888,0.6216216216216216,0.6301369863013699,37,36
vocadito,11,separated,5.0,M.E.R.C. Music - Knockout,superflux,0.7241379310344828,0.5675675675675675,0.6363636363636365,37,29
vocadito,11,separated,5.0,M.E.R.C. Music - Knockout,madmom_cnn,0.7878787878787878,0.7027027027027027,0.7428571428571429,37,33
vocadito,12,clean,,Drumtracks - Ghost Bitch,spectral_flux,0.5121951219512195,0.7777777777777778,0.6176470588235294,27,41
vocadito,12,clean,,Drumtracks - Ghost Bitch,superflux,0.5526315789473685,0.7777777777777778,0.6461538461538462,27,38
vocadito,12,clean,,Drumtracks - Ghost Bitch,madmom_cnn,0.6774193548387096,0.7777777777777778,0.7241379310344828,27,31
vocadito,12,mix,-5.0,Drumtracks - Ghost Bitch,spectral_flux,0.18867924528301888,0.37037037037037035,0.25,27,53
vocadito,12,mix,-5.0,Drumtracks - Ghost Bitch,superflux,0.18181818181818182,0.2962962962962963,0.22535211267605634,27,44
vocadito,12,mix,-5.0,Drumtracks - Ghost Bitch,madmom_cnn,0.3442622950819672,0.7777777777777778,0.4772727272727273,27,61
vocadito,12,separated,-5.0,Drumtracks - Ghost Bitch,spectral_flux,0.4,0.8148148148148148,0.5365853658536586,27,55
vocadito,12,separated,-5.0,Drumtracks - Ghost Bitch,superflux,0.48717948717948717,0.7037037037037037,0.5757575757575758,27,39
vocadito,12,separated,-5.0,Drumtracks - Ghost Bitch,madmom_cnn,0.8695652173913043,0.7407407407407407,0.7999999999999999,27,23
vocadito,12,mix,0.0,Drumtracks - Ghost Bitch,spectral_flux,0.22641509433962265,0.4444444444444444,0.3,27,53
vocadito,12,mix,0.0,Drumtracks - Ghost Bitch,superflux,0.24444444444444444,0.4074074074074074,0.3055555555555555,27,45
vocadito,12,mix,0.0,Drumtracks - Ghost Bitch,madmom_cnn,0.3333333333333333,0.8148148148148148,0.47311827956989244,27,66
vocadito,12,separated,0.0,Drumtracks - Ghost Bitch,spectral_flux,0.5348837209302325,0.8518518518518519,0.6571428571428571,27,43
vocadito,12,separated,0.0,Drumtracks - Ghost Bitch,superflux,0.5714285714285714,0.7407407407407407,0.6451612903225806,27,35
vocadito,12,separated,0.0,Drumtracks - Ghost Bitch,madmom_cnn,0.7777777777777778,0.7777777777777778,0.7777777777777778,27,27
vocadito,12,mix,5.0,Drumtracks - Ghost Bitch,spectral_flux,0.2727272727272727,0.5555555555555556,0.36585365853658536,27,55
vocadito,12,mix,5.0,Drumtracks - Ghost Bitch,superflux,0.2857142857142857,0.5185185185185185,0.3684210526315789,27,49
vocadito,12,mix,5.0,Drumtracks - Ghost Bitch,madmom_cnn,0.36923076923076925,0.8888888888888888,0.5217391304347826,27,65
vocadito,12,separated,5.0,Drumtracks - Ghost Bitch,spectral_flux,0.5897435897435898,0.8518518518518519,0.6969696969696971,27,39
vocadito,12,separated,5.0,Drumtracks - Ghost Bitch,superflux,0.5882352941176471,0.7407407407407407,0.6557377049180328,27,34
vocadito,12,separated,5.0,Drumtracks - Ghost Bitch,madmom_cnn,0.8,0.7407407407407407,0.7692307692307692,27,25
vocadito,13,clean,,Flags - 54,spectral_flux,0.5277777777777778,0.5135135135135135,0.5205479452054794,74,72
vocadito,13,clean,,Flags - 54,superflux,0.5964912280701754,0.4594594594594595,0.5190839694656488,74,57
vocadito,13,clean,,Flags - 54,madmom_cnn,0.5263157894736842,0.5405405405405406,0.5333333333333333,74,76
vocadito,13,mix,-5.0,Flags - 54,spectral_flux,0.272108843537415,0.5405405405405406,0.36199095022624433,74,147
vocadito,13,mix,-5.0,Flags - 54,superflux,0.2777777777777778,0.47297297297297297,0.35000000000000003,74,126
vocadito,13,mix,-5.0,Flags - 54,madmom_cnn,0.32450331125827814,0.6621621621621622,0.43555555555555553,74,151
vocadito,13,separated,-5.0,Flags - 54,spectral_flux,0.49473684210526314,0.6351351351351351,0.5562130177514794,74,95
vocadito,13,separated,-5.0,Flags - 54,superflux,0.5285714285714286,0.5,0.513888888888889,74,70
vocadito,13,separated,-5.0,Flags - 54,madmom_cnn,0.7647058823529411,0.527027027027027,0.6239999999999999,74,51
vocadito,13,mix,0.0,Flags - 54,spectral_flux,0.304635761589404,0.6216216216216216,0.40888888888888886,74,151
vocadito,13,mix,0.0,Flags - 54,superflux,0.2900763358778626,0.5135135135135135,0.3707317073170732,74,131
vocadito,13,mix,0.0,Flags - 54,madmom_cnn,0.34,0.6891891891891891,0.4553571428571429,74,150
vocadito,13,separated,0.0,Flags - 54,spectral_flux,0.42857142857142855,0.6081081081081081,0.5027932960893854,74,105
vocadito,13,separated,0.0,Flags - 54,superflux,0.5277777777777778,0.5135135135135135,0.5205479452054794,74,72
vocadito,13,separated,0.0,Flags - 54,madmom_cnn,0.6909090909090909,0.5135135135135135,0.5891472868217054,74,55
vocadito,13,mix,5.0,Flags - 54,spectral_flux,0.2981366459627329,0.6486486486486487,0.4085106382978724,74,161
vocadito,13,mix,5.0,Flags - 54,superflux,0.3233082706766917,0.581081081081081,0.4154589371980676,74,133
vocadito,13,mix,5.0,Flags - 54,madmom_cnn,0.3472222222222222,0.6756756756756757,0.45871559633027525,74,144
vocadito,13,separated,5.0,Flags - 54,spectral_flux,0.4631578947368421,0.5945945945945946,0.5207100591715976,74,95
vocadito,13,separated,5.0,Flags - 54,superflux,0.5694444444444444,0.5540540540540541,0.5616438356164383,74,72
vocadito,13,separated,5.0,Flags - 54,madmom_cnn,0.640625,0.5540540540540541,0.5942028985507247,74,64
vocadito,14,clean,,Actions - Devil's Words,spectral_flux,0.4878048780487805,0.5882352941176471,0.5333333333333332,34,41
vocadito,14,clean,,Actions - Devil's Words,superflux,0.5405405405405406,0.5882352941176471,0.5633802816901409,34,37
vocadito,14,clean,,Actions - Devil's Words,madmom_cnn,0.6666666666666666,0.6470588235294118,0.6567164179104478,34,33
vocadito,14,mix,-5.0,Actions - Devil's Words,spectral_flux,0.2755102040816326,0.7941176470588235,0.40909090909090906,34,98
vocadito,14,mix,-5.0,Actions - Devil's Words,superflux,0.28,0.6176470588235294,0.3853211009174312,34,75
vocadito,14,mix,-5.0,Actions - Devil's Words,madmom_cnn,0.32727272727272727,0.5294117647058824,0.4044943820224719,34,55
vocadito,14,separated,-5.0,Actions - Devil's Words,spectral_flux,0.3170731707317073,0.7647058823529411,0.4482758620689655,34,82
vocadito,14,separated,-5.0,Actions - Devil's Words,superflux,0.4339622641509434,0.6764705882352942,0.5287356321839081,34,53
vocadito,14,separated,-5.0,Actions - Devil's Words,madmom_cnn,0.7058823529411765,0.7058823529411765,0.7058823529411765,34,34
vocadito,14,mix,0.0,Actions - Devil's Words,spectral_flux,0.2604166666666667,0.7352941176470589,0.3846153846153846,34,96
vocadito,14,mix,0.0,Actions - Devil's Words,superflux,0.3150684931506849,0.6764705882352942,0.42990654205607476,34,73
vocadito,14,mix,0.0,Actions - Devil's Words,madmom_cnn,0.375,0.6176470588235294,0.4666666666666667,34,56
vocadito,14,separated,0.0,Actions - Devil's Words,spectral_flux,0.3380281690140845,0.7058823529411765,0.45714285714285713,34,71
vocadito,14,separated,0.0,Actions - Devil's Words,superflux,0.4782608695652174,0.6470588235294118,0.55,34,46
vocadito,14,separated,0.0,Actions - Devil's Words,madmom_cnn,0.696969696969697,0.6764705882352942,0.6865671641791046,34,33
vocadito,14,mix,5.0,Actions - Devil's Words,spectral_flux,0.29411764705882354,0.7352941176470589,0.4201680672268907,34,85
vocadito,14,mix,5.0,Actions - Devil's Words,superflux,0.38333333333333336,0.6764705882352942,0.4893617021276596,34,60
vocadito,14,mix,5.0,Actions - Devil's Words,madmom_cnn,0.4791666666666667,0.6764705882352942,0.5609756097560975,34,48
vocadito,14,separated,5.0,Actions - Devil's Words,spectral_flux,0.4107142857142857,0.6764705882352942,0.5111111111111111,34,56
vocadito,14,separated,5.0,Actions - Devil's Words,superflux,0.525,0.6176470588235294,0.5675675675675677,34,40
vocadito,14,separated,5.0,Actions - Devil's Words,madmom_cnn,0.7777777777777778,0.6176470588235294,0.6885245901639345,34,27
vocadito,15,clean,,Alexander Ross - Goodbye Bolero,spectral_flux,0.5277777777777778,0.40425531914893614,0.45783132530120485,47,36
vocadito,15,clean,,Alexander Ross - Goodbye Bolero,superflux,0.5,0.3191489361702128,0.38961038961038963,47,30
vocadito,15,clean,,Alexander Ross - Goodbye Bolero,madmom_cnn,0.6944444444444444,0.5319148936170213,0.6024096385542169,47,36
vocadito,15,mix,-5.0,Alexander Ross - Goodbye Bolero,spectral_flux,0.23423423423423423,0.5531914893617021,0.32911392405063294,47,111
vocadito,15,mix,-5.0,Alexander Ross - Goodbye Bolero,superflux,0.2872340425531915,0.574468085106383,0.3829787234042553,47,94
vocadito,15,mix,-5.0,Alexander Ross - Goodbye Bolero,madmom_cnn,0.226890756302521,0.574468085106383,0.32530120481927716,47,119
vocadito,15,separated,-5.0,Alexander Ross - Goodbye Bolero,spectral_flux,0.509090909090909,0.5957446808510638,0.5490196078431372,47,55
vocadito,15,separated,-5.0,Alexander Ross - Goodbye Bolero,superflux,0.6333333333333333,0.40425531914893614,0.49350649350649345,47,30
vocadito,15,separated,-5.0,Alexander Ross - Goodbye Bolero,madmom_cnn,0.6363636363636364,0.44680851063829785,0.5249999999999999,47,33
vocadito,15,mix,0.0,Alexander Ross - Goodbye Bolero,spectral_flux,0.25471698113207547,0.574468085106383,0.3529411764705882,47,106
vocadito,15,mix,0.0,Alexander Ross - Goodbye Bolero,superflux,0.30952380952380953,0.5531914893617021,0.3969465648854962,47,84
vocadito,15,mix,0.0,Alexander Ross - Goodbye Bolero,madmom_cnn,0.2767857142857143,0.6595744680851063,0.389937106918239,47,112
vocadito,15,separated,0.0,Alexander Ross - Goodbye Bolero,spectral_flux,0.5357142857142857,0.6382978723404256,0.5825242718446602,47,56
vocadito,15,separated,0.0,Alexander Ross - Goodbye Bolero,superflux,0.55,0.46808510638297873,0.5057471264367817,47,40
vocadito,15,separated,0.0,Alexander Ross - Goodbye Bolero,madmom_cnn,0.6944444444444444,0.5319148936170213,0.6024096385542169,47,36
vocadito,15,mix,5.0,Alexander Ross - Goodbye Bolero,spectral_flux,0.2604166666666667,0.5319148936170213,0.34965034965034963,47,96
vocadito,15,mix,5.0,Alexander Ross - Goodbye Bolero,superflux,0.2948717948717949,0.48936170212765956,0.368,47,78
vocadito,15,mix,5.0,Alexander Ross - Goodbye Bolero,madmom_cnn,0.2647058823529412,0.574468085106383,0.3624161073825504,47,102
vocadito,15,separated,5.0,Alexander Ross - Goodbye Bolero,spectral_flux,0.6097560975609756,0.5319148936170213,0.5681818181818181,47,41
vocadito,15,separated,5.0,Alexander Ross - Goodbye Bolero,superflux,0.6333333333333333,0.40425531914893614,0.49350649350649345,47,30
vocadito,15,separated,5.0,Alexander Ross - Goodbye Bolero,madmom_cnn,0.7058823529411765,0.5106382978723404,0.5925925925925926,47,34
vocadito,16,clean,,ANiMAL - Clinic A,spectral_flux,0.5294117647058824,0.574468085106383,0.5510204081632654,47,51
vocadito,16,clean,,ANiMAL - Clinic A,superflux,0.5490196078431373,0.5957446808510638,0.5714285714285715,47,51
vocadito,16,clean,,ANiMAL - Clinic A,madmom_cnn,0.8205128205128205,0.6808510638297872,0.7441860465116279,47,39
vocadito,16,mix,-5.0,ANiMAL - Clinic A,spectral_flux,0.2782608695652174,0.6808510638297872,0.3950617283950617,47,115
vocadito,16,mix,-5.0,ANiMAL - Clinic A,superflux,0.27184466019417475,0.5957446808510638,0.37333333333333335,47,103
vocadito,16,mix,-5.0,ANiMAL - Clinic A,madmom_cnn,0.31683168316831684,0.6808510638297872,0.43243243243243246,47,101
vocadito,16,separated,-5.0,ANiMAL - Clinic A,spectral_flux,0.47435897435897434,0.7872340425531915,0.592,47,78
vocadito,16,separated,-5.0,ANiMAL - Clinic A,superflux,0.5333333333333333,0.6808510638297872,0.5981308411214953,47,60
vocadito,16,separated,-5.0,ANiMAL - Clinic A,madmom_cnn,0.7674418604651163,0.7021276595744681,0.7333333333333334,47,43
vocadito,16,mix,0.0,ANiMAL - Clinic A,spectral_flux,0.29411764705882354,0.7446808510638298,0.42168674698795183,47,119
vocadito,16,mix,0.0,ANiMAL - Clinic A,superflux,0.3063063063063063,0.723404255319149,0.43037974683544306,47,111
vocadito,16,mix,0.0,ANiMAL - Clinic A,madmom_cnn,0.38461538461538464,0.7446808510638298,0.5072463768115941,47,91
vocadito,16,separated,0.0,ANiMAL - Clinic A,spectral_flux,0.5072463768115942,0.7446808510638298,0.603448275862069,47,69
vocadito,16,separated,0.0,ANiMAL - Clinic A,superflux,0.5714285714285714,0.6808510638297872,0.6213592233009708,47,56
vocadito,16,separated,0.0,ANiMAL - Clinic A,madmom_cnn,0.7804878048780488,0.6808510638297872,0.7272727272727273,47,41
vocadito,16,mix,5.0,ANiMAL - Clinic A,spectral_flux,0.31896551724137934,0.7872340425531915,0.45398773006134974,47,116
vocadito,16,mix,5.0,ANiMAL - Clinic A,superflux,0.32038834951456313,0.7021276595744681,0.44,47,103
vocadito,16,mix,5.0,ANiMAL - Clinic A,madmom_cnn,0.45454545454545453,0.7446808510638298,0.564516129032258,47,77
vocadito,16,separated,5.0,ANiMAL - Clinic A,spectral_flux,0.5161290322580645,0.6808510638297872,0.5871559633027522,47,62
vocadito,16,separated,5.0,ANiMAL - Clinic A,superflux,0.5818181818181818,0.6808510638297872,0.627450980392157,47,55
vocadito,16,separated,5.0,ANiMAL - Clinic A,madmom_cnn,0.775,0.6595744680851063,0.7126436781609196,47,40
vocadito,17,clean,,Buitraker - Revo X,spectral_flux,0.4418604651162791,0.35185185185185186,0.3917525773195876,54,43
vocadito,17,clean,,Buitraker - Revo X,superflux,0.5357142857142857,0.2777777777777778,0.36585365853658536,54,28
vocadito,17,clean,,Buitraker - Revo X,madmom_cnn,0.5333333333333333,0.4444444444444444,0.4848484848484848,54,45
vocadito,17,mix,-5.0,Buitraker - Revo X,spectral_flux,0.21333333333333335,0.2962962962962963,0.24806201550387597,54,75
vocadito,17,mix,-5.0,Buitraker - Revo X,superflux,0.20833333333333334,0.18518518518518517,0.19607843137254902,54,48
vocadito,17,mix,-5.0,Buitraker - Revo X,madmom_cnn,0.20270270270270271,0.2777777777777778,0.234375,54,74
vocadito,17,separated,-5.0,Buitraker - Revo X,spectral_flux,0.45,0.3333333333333333,0.3829787234042553,54,40
vocadito,17,separated,-5.0,Buitraker - Revo X,superflux,0.4090909090909091,0.16666666666666666,0.23684210526315785,54,22
vocadito,17,separated,-5.0,Buitraker - Revo X,madmom_cnn,0.41935483870967744,0.24074074074074073,0.30588235294117644,54,31
vocadito,17,mix,0.0,Buitraker - Revo X,spectral_flux,0.23880597014925373,0.2962962962962963,0.2644628099173554,54,67
vocadito,17,mix,0.0,Buitraker - Revo X,superflux,0.25,0.14814814814814814,0.18604651162790697,54,32
vocadito,17,mix,0.0,Buitraker - Revo X,madmom_cnn,0.24285714285714285,0.3148148148148148,0.2741935483870968,54,70
vocadito,17,separated,0.0,Buitraker - Revo X,spectral_flux,0.4461538461538462,0.5370370370370371,0.48739495798319327,54,65
vocadito,17,separated,0.0,Buitraker - Revo X,superflux,0.39473684210526316,0.2777777777777778,0.32608695652173914,54,38
vocadito,17,separated,0.0,Buitraker - Revo X,madmom_cnn,0.4444444444444444,0.2962962962962963,0.3555555555555555,54,36
vocadito,17,mix,5.0,Buitraker - Revo X,spectral_flux,0.23636363636363636,0.24074074074074073,0.2385321100917431,54,55
vocadito,17,mix,5.0,Buitraker - Revo X,superflux,0.35,0.12962962962962962,0.18918918918918917,54,20
vocadito,17,mix,5.0,Buitraker - Revo X,madmom_cnn,0.2608695652173913,0.3333333333333333,0.2926829268292683,54,69
vocadito,17,separated,5.0,Buitraker - Revo X,spectral_flux,0.5,0.5555555555555556,0.5263157894736842,54,60
vocadito,17,separated,5.0,Buitraker - Revo X,superflux,0.45454545454545453,0.2777777777777778,0.3448275862068966,54,33
vocadito,17,separated,5.0,Buitraker - Revo X,madmom_cnn,0.48484848484848486,0.2962962962962963,0.36781609195402293,54,33
vocadito,18,clean,,The Districts - Vermont,spectral_flux,0.4583333333333333,0.4888888888888889,0.4731182795698925,45,48
vocadito,18,clean,,The Districts - Vermont,superflux,0.4090909090909091,0.4,0.40449438202247195,45,44
vocadito,18,clean,,The Districts - Vermont,madmom_cnn,0.515625,0.7333333333333333,0.6055045871559632,45,64
vocadito,18,mix,-5.0,The Districts - Vermont,spectral_flux,0.1724137931034483,0.6666666666666666,0.273972602739726,45,174
vocadito,18,mix,-5.0,The Districts - Vermont,superflux,0.19708029197080293,0.6,0.2967032967032967,45,137
vocadito,18,mix,-5.0,The Districts - Vermont,madmom_cnn,0.23931623931623933,0.6222222222222222,0.34567901234567905,45,117
vocadito,18,separated,-5.0,The Districts - Vermont,spectral_flux,0.35526315789473684,0.6,0.4462809917355372,45,76
vocadito,18,separated,-5.0,The Districts - Vermont,superflux,0.4,0.5333333333333333,0.4571428571428572,45,60
vocadito,18,separated,-5.0,The Districts - Vermont,madmom_cnn,0.574468085106383,0.6,0.5869565217391305,45,47
vocadito,18,mix,0.0,The Districts - Vermont,spectral_flux,0.1870967741935484,0.6444444444444445,0.29,45,155
vocadito,18,mix,0.0,The Districts - Vermont,superflux,0.21138211382113822,0.5777777777777777,0.30952380952380953,45,123
vocadito,18,mix,0.0,The Districts - Vermont,madmom_cnn,0.2698412698412698,0.7555555555555555,0.3976608187134503,45,126
vocadito,18,separated,0.0,The Districts - Vermont,spectral_flux,0.4642857142857143,0.5777777777777777,0.5148514851485149,45,56
vocadito,18,separated,0.0,The Districts - Vermont,superflux,0.54,0.6,0.5684210526315789,45,50
vocadito,18,separated,0.0,The Districts - Vermont,madmom_cnn,0.5490196078431373,0.6222222222222222,0.5833333333333334,45,51
vocadito,18,mix,5.0,The Districts - Vermont,spectral_flux,0.18840579710144928,0.5777777777777777,0.2841530054644809,45,138
vocadito,18,mix,5.0,The Districts - Vermont,superflux,0.22807017543859648,0.5777777777777777,0.3270440251572327,45,114
vocadito,18,mix,5.0,The Districts - Vermont,madmom_cnn,0.2786885245901639,0.7555555555555555,0.4071856287425149,45,122
vocadito,18,separated,5.0,The Districts - Vermont,spectral_flux,0.5294117647058824,0.6,0.5625,45,51
vocadito,18,separated,5.0,The Districts - Vermont,superflux,0.5416666666666666,0.5777777777777777,0.5591397849462364,45,48
vocadito,18,separated,5.0,The Districts - Vermont,madmom_cnn,0.5555555555555556,0.6666666666666666,0.606060606060606,45,54
vocadito,19,clean,,Patrick Talbot - Set Me Free,spectral_flux,0.5368421052631579,0.6986301369863014,0.6071428571428571,73,95
vocadito,19,clean,,Patrick Talbot - Set Me Free,superflux,0.5376344086021505,0.684931506849315,0.6024096385542167,73,93
vocadito,19,clean,,Patrick Talbot - Set Me Free,madmom_cnn,0.6206896551724138,0.7397260273972602,0.675,73,87
vocadito,19,mix,-5.0,Patrick Talbot - Set Me Free,spectral_flux,0.21962616822429906,0.6438356164383562,0.3275261324041812,73,214
vocadito,19,mix,-5.0,Patrick Talbot - Set Me Free,superflux,0.22596153846153846,0.6438356164383562,0.3345195729537367,73,208
vocadito,19,mix,-5.0,Patrick Talbot - Set Me Free,madmom_cnn,0.2627118644067797,0.8493150684931506,0.40129449838187703,73,236
vocadito,19,separated,-5.0,Patrick Talbot - Set Me Free,spectral_flux,0.4166666666666667,0.7534246575342466,0.5365853658536586,73,132
vocadito,19,separated,-5.0,Patrick Talbot - Set Me Free,superflux,0.5376344086021505,0.684931506849315,0.6024096385542167,73,93
vocadito,19,separated,-5.0,Patrick Talbot - Set Me Free,madmom_cnn,0.7727272727272727,0.6986301369863014,0.7338129496402879,73,66
vocadito,19,mix,0.0,Patrick Talbot - Set Me Free,spectral_flux,0.22477064220183487,0.6712328767123288,0.33676975945017185,73,218
vocadito,19,mix,0.0,Patrick Talbot - Set Me Free,superflux,0.23222748815165878,0.6712328767123288,0.3450704225352113,73,211
vocadito,19,mix,0.0,Patrick Talbot - Set Me Free,madmom_cnn,0.2675438596491228,0.8356164383561644,0.4053156146179402,73,228
vocadito,19,separated,0.0,Patrick Talbot - Set Me Free,spectral_flux,0.48333333333333334,0.7945205479452054,0.6010362694300518,73,120
vocadito,19,separated,0.0,Patrick Talbot - Set Me Free,superflux,0.5483870967741935,0.6986301369863014,0.6144578313253012,73,93
vocadito,19,separated,0.0,Patrick Talbot - Set Me Free,madmom_cnn,0.7183098591549296,0.6986301369863014,0.7083333333333335,73,71
vocadito,19,mix,5.0,Patrick Talbot - Set Me Free,spectral_flux,0.23660714285714285,0.726027397260274,0.35690235690235694,73,224
vocadito,19,mix,5.0,Patrick Talbot - Set Me Free,superflux,0.23255813953488372,0.684931506849315,0.3472222222222222,73,215
vocadito,19,mix,5.0,Patrick Talbot - Set Me Free,madmom_cnn,0.2904761904761905,0.8356164383561644,0.431095406360424,73,210
vocadito,19,separated,5.0,Patrick Talbot - Set Me Free,spectral_flux,0.48717948717948717,0.7808219178082192,0.6,73,117
vocadito,19,separated,5.0,Patrick Talbot - Set Me Free,superflux,0.5483870967741935,0.6986301369863014,0.6144578313253012,73,93
vocadito,19,separated,5.0,Patrick Talbot - Set Me Free,madmom_cnn,0.7222222222222222,0.7123287671232876,0.7172413793103448,73,72
vocadito,2,clean,,Tom McKenzie - Directions,spectral_flux,0.4782608695652174,0.5789473684210527,0.5238095238095238,76,92
vocadito,2,clean,,Tom McKenzie - Directions,superflux,0.40540540540540543,0.19736842105263158,0.2654867256637168,76,37
vocadito,2,clean,,Tom McKenzie - Directions,madmom_cnn,0.5365853658536586,0.2894736842105263,0.37606837606837606,76,41
vocadito,2,mix,-5.0,Tom McKenzie - Directions,spectral_flux,0.19921875,0.6710526315789473,0.3072289156626506,76,256
vocadito,2,mix,-5.0,Tom McKenzie - Directions,superflux,0.22943722943722944,0.6973684210526315,0.34527687296416937,76,231
vocadito,2,mix,-5.0,Tom McKenzie - Directions,madmom_cnn,0.1796116504854369,0.4868421052631579,0.26241134751773054,76,206
vocadito,2,separated,-5.0,Tom McKenzie - Directions,spectral_flux,0.37815126050420167,0.5921052631578947,0.4615384615384615,76,119
vocadito,2,separated,-5.0,Tom McKenzie - Directions,superflux,0.5,0.21052631578947367,0.2962962962962963,76,32
vocadito,2,separated,-5.0,Tom McKenzie - Directions,madmom_cnn,0.7142857142857143,0.32894736842105265,0.45045045045045046,76,35
vocadito,2,mix,0.0,Tom McKenzie - Directions,spectral_flux,0.20987654320987653,0.6710526315789473,0.3197492163009404,76,243
vocadito,2,mix,0.0,Tom McKenzie - Directions,superflux,0.23529411764705882,0.6842105263157895,0.3501683501683502,76,221
vocadito,2,mix,0.0,Tom McKenzie - Directions,madmom_cnn,0.20212765957446807,0.5,0.28787878787878785,76,188
vocadito,2,separated,0.0,Tom McKenzie - Directions,spectral_flux,0.38461538461538464,0.5921052631578947,0.46632124352331605,76,117
vocadito,2,separated,0.0,Tom McKenzie - Directions,superflux,0.53125,0.2236842105263158,0.3148148148148148,76,32
vocadito,2,separated,0.0,Tom McKenzie - Directions,madmom_cnn,0.6842105263157895,0.34210526315789475,0.45614035087719296,76,38
vocadito,2,mix,5.0,Tom McKenzie - Directions,spectral_flux,0.22666666666666666,0.6710526315789473,0.33887043189368765,76,225
vocadito,2,mix,5.0,Tom McKenzie - Directions,superflux,0.22459893048128343,0.5526315789473685,0.3193916349809886,76,187
vocadito,2,mix,5.0,Tom McKenzie - Directions,madmom_cnn,0.22282608695652173,0.5394736842105263,0.3153846153846154,76,184
vocadito,2,separated,5.0,Tom McKenzie - Directions,spectral_flux,0.41,0.5394736842105263,0.46590909090909094,76,100
vocadito,2,separated,5.0,Tom McKenzie - Directions,superflux,0.5151515151515151,0.2236842105263158,0.3119266055045872,76,33
vocadito,2,separated,5.0,Tom McKenzie - Directions,madmom_cnn,0.6097560975609756,0.32894736842105265,0.42735042735042733,76,41
vocadito,20,clean,,Lyndsey Ollard - Catching Up,spectral_flux,0.4666666666666667,0.6774193548387096,0.5526315789473684,31,45
vocadito,20,clean,,Lyndsey Ollard - Catching Up,superflux,0.5135135135135135,0.6129032258064516,0.5588235294117647,31,37
vocadito,20,clean,,Lyndsey Ollard - Catching Up,madmom_cnn,0.5128205128205128,0.6451612903225806,0.5714285714285714,31,39
vocadito,20,mix,-5.0,Lyndsey Ollard - Catching Up,spectral_flux,0.38095238095238093,0.5161290322580645,0.4383561643835616,31,42
vocadito,20,mix,-5.0,Lyndsey Ollard - Catching Up,superflux,0.46875,0.4838709677419355,0.47619047619047616,31,32
vocadito,20,mix,-5.0,Lyndsey Ollard - Catching Up,madmom_cnn,0.4375,0.6774193548387096,0.5316455696202531,31,48
vocadito,20,separated,-5.0,Lyndsey Ollard - Catching Up,spectral_flux,0.5952380952380952,0.8064516129032258,0.684931506849315,31,42
vocadito,20,separated,-5.0,Lyndsey Ollard - Catching Up,superflux,0.5882352941176471,0.6451612903225806,0.6153846153846154,31,34
vocadito,20,separated,-5.0,Lyndsey Ollard - Catching Up,madmom_cnn,0.7407407407407407,0.6451612903225806,0.689655172413793,31,27
vocadito,20,mix,0.0,Lyndsey Ollard - Catching Up,spectral_flux,0.40425531914893614,0.6129032258064516,0.48717948717948717,31,47
vocadito,20,mix,0.0,Lyndsey Ollard - Catching Up,superflux,0.43243243243243246,0.5161290322580645,0.47058823529411764,31,37
vocadito,20,mix,0.0,Lyndsey Ollard - Catching Up,madmom_cnn,0.44,0.7096774193548387,0.5432098765432098,31,50
vocadito,20,separated,0.0,Lyndsey Ollard - Catching Up,spectral_flux,0.6,0.7741935483870968,0.676056338028169,31,40
vocadito,20,separated,0.0,Lyndsey Ollard - Catching Up,superflux,0.5757575757575758,0.6129032258064516,0.59375,31,33
vocadito,20,separated,0.0,Lyndsey Ollard - Catching Up,madmom_cnn,0.6666666666666666,0.7096774193548387,0.6875,31,33
vocadito,20,mix,5.0,Lyndsey Ollard - Catching Up,spectral_flux,0.3958333333333333,0.6129032258064516,0.4810126582278481,31,48
vocadito,20,mix,5.0,Lyndsey Ollard - Catching Up,superflux,0.4878048780487805,0.6451612903225806,0.5555555555555556,31,41
vocadito,20,mix,5.0,Lyndsey Ollard - Catching Up,madmom_cnn,0.46296296296296297,0.8064516129032258,0.5882352941176471,31,54
vocadito,20,separated,5.0,Lyndsey Ollard - Catching Up,spectral_flux,0.6176470588235294,0.6774193548387096,0.6461538461538462,31,34
vocadito,20,separated,5.0,Lyndsey Ollard - Catching Up,superflux,0.59375,0.6129032258064516,0.6031746031746031,31,32
vocadito,20,separated,5.0,Lyndsey Ollard - Catching Up,madmom_cnn,0.6176470588235294,0.6774193548387096,0.6461538461538462,31,34
vocadito,21,clean,,Nerve 9 - Pray For The Rain,spectral_flux,0.6190476190476191,0.5360824742268041,0.574585635359116,97,84
vocadito,21,clean,,Nerve 9 - Pray For The Rain,superflux,0.6419753086419753,0.5360824742268041,0.5842696629213482,97,81
vocadito,21,clean,,Nerve 9 - Pray For The Rain,madmom_cnn,0.8243243243243243,0.6288659793814433,0.7134502923976608,97,74
vocadito,21,mix,-5.0,Nerve 9 - Pray For The Rain,spectral_flux,0.41025641025641024,0.4948453608247423,0.4485981308411215,97,117
vocadito,21,mix,-5.0,Nerve 9 - Pray For The Rain,superflux,0.4725274725274725,0.44329896907216493,0.4574468085106383,97,91
vocadito,21,mix,-5.0,Nerve 9 - Pray For The Rain,madmom_cnn,0.4423076923076923,0.4742268041237113,0.4577114427860696,97,104
vocadito,21,separated,-5.0,Nerve 9 - Pray For The Rain,spectral_flux,0.4959349593495935,0.6288659793814433,0.5545454545454545,97,123
vocadito,21,separated,-5.0,Nerve 9 - Pray For The Rain,superflux,0.6263736263736264,0.5876288659793815,0.6063829787234042,97,91
vocadito,21,separated,-5.0,Nerve 9 - Pray For The Rain,madmom_cnn,0.8208955223880597,0.5670103092783505,0.6707317073170731,97,67
vocadito,21,mix,0.0,Nerve 9 - Pray For The Rain,spectral_flux,0.4148148148148148,0.5773195876288659,0.48275862068965514,97,135
vocadito,21,mix,0.0,Nerve 9 - Pray For The Rain,superflux,0.4752475247524752,0.4948453608247423,0.4848484848484848,97,101
vocadito,21,mix,0.0,Nerve 9 - Pray For The Rain,madmom_cnn,0.47619047619047616,0.5154639175257731,0.495049504950495,97,105
vocadito,21,separated,0.0,Nerve 9 - Pray For The Rain,spectral_flux,0.5409836065573771,0.6804123711340206,0.6027397260273972,97,122
vocadito,21,separated,0.0,Nerve 9 - Pray For The Rain,superflux,0.6666666666666666,0.6185567010309279,0.6417112299465241,97,90
vocadito,21,separated,0.0,Nerve 9 - Pray For The Rain,madmom_cnn,0.8356164383561644,0.6288659793814433,0.7176470588235294,97,73
vocadito,21,mix,5.0,Nerve 9 - Pray For The Rain,spectral_flux,0.45517241379310347,0.6804123711340206,0.5454545454545455,97,145
vocadito,21,mix,5.0,Nerve 9 - Pray For The Rain,superflux,0.504424778761062,0.5876288659793815,0.5428571428571429,97,113
vocadito,21,mix,5.0,Nerve 9 - Pray For The Rain,madmom_cnn,0.5089285714285714,0.5876288659793815,0.5454545454545455,97,112
vocadito,21,separated,5.0,Nerve 9 - Pray For The Rain,spectral_flux,0.5826086956521739,0.6907216494845361,0.6320754716981132,97,115
vocadito,21,separated,5.0,Nerve 9 - Pray For The Rain,superflux,0.6363636363636364,0.5773195876288659,0.6054054054054053,97,88
vocadito,21,separated,5.0,Nerve 9 - Pray For The Rain,madmom_cnn,0.7837837837837838,0.5979381443298969,0.6783625730994152,97,74
vocadito,22,clean,,We Fell From The Sky - Not You,spectral_flux,0.5,0.7111111111111111,0.5871559633027522,45,64
vocadito,22,clean,,We Fell From The Sky - Not You,superflux,0.5263157894736842,0.6666666666666666,0.5882352941176471,45,57
vocadito,22,clean,,We Fell From The Sky - Not You,madmom_cnn,0.6122448979591837,0.6666666666666666,0.6382978723404255,45,49
vocadito,22,mix,-5.0,We Fell From The Sky - Not You,spectral_flux,0.31092436974789917,0.8222222222222222,0.4512195121951219,45,119
vocadito,22,mix,-5.0,We Fell From The Sky - Not You,superflux,0.3711340206185567,0.8,0.5070422535211268,45,97
vocadito,22,mix,-5.0,We Fell From The Sky - Not You,madmom_cnn,0.3173076923076923,0.7333333333333333,0.4429530201342282,45,104
vocadito,22,separated,-5.0,We Fell From The Sky - Not You,spectral_flux,0.4578313253012048,0.8444444444444444,0.5937499999999999,45,83
vocadito,22,separated,-5.0,We Fell From The Sky - Not You,superflux,0.5517241379310345,0.7111111111111111,0.6213592233009709,45,58
vocadito,22,separated,-5.0,We Fell From The Sky - Not You,madmom_cnn,0.8,0.7111111111111111,0.7529411764705882,45,40
vocadito,22,mix,0.0,We Fell From The Sky - Not You,spectral_flux,0.29365079365079366,0.8222222222222222,0.4327485380116959,45,126
vocadito,22,mix,0.0,We Fell From The Sky - Not You,superflux,0.3673469387755102,0.8,0.5034965034965035,45,98
vocadito,22,mix,0.0,We Fell From The Sky - Not You,madmom_cnn,0.3804347826086957,0.7777777777777778,0.5109489051094891,45,92
vocadito,22,separated,0.0,We Fell From The Sky - Not You,spectral_flux,0.4186046511627907,0.8,0.549618320610687,45,86
vocadito,22,separated,0.0,We Fell From The Sky - Not You,superflux,0.5636363636363636,0.6888888888888889,0.6199999999999999,45,55
vocadito,22,separated,0.0,We Fell From The Sky - Not You,madmom_cnn,0.7674418604651163,0.7333333333333333,0.7499999999999999,45,43
vocadito,22,mix,5.0,We Fell From The Sky - Not You,spectral_flux,0.296875,0.8444444444444444,0.43930635838150284,45,128
vocadito,22,mix,5.0,We Fell From The Sky - Not You,superflux,0.35294117647058826,0.8,0.489795918367347,45,102
vocadito,22,mix,5.0,We Fell From The Sky - Not You,madmom_cnn,0.48,0.8,0.6,45,75
vocadito,22,separated,5.0,We Fell From The Sky - Not You,spectral_flux,0.5,0.8444444444444444,0.6280991735537189,45,76
vocadito,22,separated,5.0,We Fell From The Sky - Not You,superflux,0.5849056603773585,0.6888888888888889,0.6326530612244898,45,53
vocadito,22,separated,5.0,We Fell From The Sky - Not You,madmom_cnn,0.7674418604651163,0.7333333333333333,0.7499999999999999,45,43
vocadito,23,clean,,Skelpolu - Human Mistakes,spectral_flux,0.47761194029850745,0.6037735849056604,0.5333333333333333,53,67
vocadito,23,clean,,Skelpolu - Human Mistakes,superflux,0.44776119402985076,0.5660377358490566,0.5,53,67
vocadito,23,clean,,Skelpolu - Human Mistakes,madmom_cnn,0.59375,0.7169811320754716,0.6495726495726496,53,64
vocadito,23,mix,-5.0,Skelpolu - Human Mistakes,spectral_flux,0.29838709677419356,0.6981132075471698,0.4180790960451977,53,124
vocadito,23,mix,-5.0,Skelpolu - Human Mistakes,superflux,0.3114754098360656,0.7169811320754716,0.43428571428571433,53,122
vocadito,23,mix,-5.0,Skelpolu - Human Mistakes,madmom_cnn,0.3191489361702128,0.8490566037735849,0.46391752577319595,53,141
vocadito,23,separated,-5.0,Skelpolu - Human Mistakes,spectral_flux,0.4489795918367347,0.8301886792452831,0.5827814569536424,53,98
vocadito,23,separated,-5.0,Skelpolu - Human Mistakes,superflux,0.4666666666666667,0.7924528301886793,0.5874125874125875,53,90
vocadito,23,separated,-5.0,Skelpolu - Human Mistakes,madmom_cnn,0.7115384615384616,0.6981132075471698,0.7047619047619047,53,52
vocadito,23,mix,0.0,Skelpolu - Human Mistakes,spectral_flux,0.3,0.7358490566037735,0.42622950819672134,53,130
vocadito,23,mix,0.0,Skelpolu - Human Mistakes,superflux,0.31496062992125984,0.7547169811320755,0.4444444444444444,53,127
vocadito,23,mix,0.0,Skelpolu - Human Mistakes,madmom_cnn,0.3333333333333333,0.9056603773584906,0.4873096446700508,53,144
vocadito,23,separated,0.0,Skelpolu - Human Mistakes,spectral_flux,0.4329896907216495,0.7924528301886793,0.5599999999999999,53,97
vocadito,23,separated,0.0,Skelpolu - Human Mistakes,superflux,0.4868421052631579,0.6981132075471698,0.5736434108527132,53,76
vocadito,23,separated,0.0,Skelpolu - Human Mistakes,madmom_cnn,0.6981132075471698,0.6981132075471698,0.6981132075471698,53,53
vocadito,23,mix,5.0,Skelpolu - Human Mistakes,spectral_flux,0.3111111111111111,0.7924528301886793,0.4468085106382979,53,135
vocadito,23,mix,5.0,Skelpolu - Human Mistakes,superflux,0.3082706766917293,0.7735849056603774,0.4408602150537634,53,133
vocadito,23,mix,5.0,Skelpolu - Human Mistakes,madmom_cnn,0.35251798561151076,0.9245283018867925,0.5104166666666666,53,139
vocadito,23,separated,5.0,Skelpolu - Human Mistakes,spectral_flux,0.4878048780487805,0.7547169811320755,0.5925925925925926,53,82
vocadito,23,separated,5.0,Skelpolu - Human Mistakes,superflux,0.4714285714285714,0.6226415094339622,0.5365853658536586,53,70
vocadito,23,separated,5.0,Skelpolu - Human Mistakes,madmom_cnn,0.7037037037037037,0.7169811320754716,0.7102803738317758,53,54
vocadito,24,clean,,PR - Oh No,spectral_flux,0.5789473684210527,0.8461538461538461,0.6875,39,57
vocadito,24,clean,,PR - Oh No,superflux,0.6170212765957447,0.7435897435897436,0.6744186046511628,39,47
vocadito,24,clean,,PR - Oh No,madmom_cnn,0.75,0.7692307692307693,0.7594936708860761,39,40
vocadito,24,mix,-5.0,PR - Oh No,spectral_flux,0.2831858407079646,0.8205128205128205,0.42105263157894735,39,113
vocadito,24,mix,-5.0,PR - Oh No,superflux,0.2631578947368421,0.7692307692307693,0.392156862745098,39,114
vocadito,24,mix,-5.0,PR - Oh No,madmom_cnn,0.22916666666666666,0.8461538461538461,0.360655737704918,39,144
vocadito,24,separated,-5.0,PR - Oh No,spectral_flux,0.3148148148148148,0.8717948717948718,0.4625850340136054,39,108
vocadito,24,separated,-5.0,PR - Oh No,superflux,0.43037974683544306,0.8717948717948718,0.576271186440678,39,79
vocadito,24,separated,-5.0,PR - Oh No,madmom_cnn,0.6818181818181818,0.7692307692307693,0.7228915662650602,39,44
vocadito,24,mix,0.0,PR - Oh No,spectral_flux,0.28205128205128205,0.8461538461538461,0.4230769230769231,39,117
vocadito,24,mix,0.0,PR - Oh No,superflux,0.26785714285714285,0.7692307692307693,0.3973509933774834,39,112
vocadito,24,mix,0.0,PR - Oh No,madmom_cnn,0.23776223776223776,0.8717948717948718,0.3736263736263737,39,143
vocadito,24,separated,0.0,PR - Oh No,spectral_flux,0.36666666666666664,0.8461538461538461,0.5116279069767441,39,90
vocadito,24,separated,0.0,PR - Oh No,superflux,0.5084745762711864,0.7692307692307693,0.6122448979591837,39,59
vocadito,24,separated,0.0,PR - Oh No,madmom_cnn,0.7894736842105263,0.7692307692307693,0.7792207792207793,39,38
vocadito,24,mix,5.0,PR - Oh No,spectral_flux,0.27350427350427353,0.8205128205128205,0.41025641025641024,39,117
vocadito,24,mix,5.0,PR - Oh No,superflux,0.26956521739130435,0.7948717948717948,0.40259740259740256,39,115
vocadito,24,mix,5.0,PR - Oh No,madmom_cnn,0.26153846153846155,0.8717948717948718,0.40236686390532544,39,130
vocadito,24,separated,5.0,PR - Oh No,spectral_flux,0.45714285714285713,0.8205128205128205,0.5871559633027523,39,70
vocadito,24,separated,5.0,PR - Oh No,superflux,0.5918367346938775,0.7435897435897436,0.6590909090909091,39,49
vocadito,24,separated,5.0,PR - Oh No,madmom_cnn,0.8823529411764706,0.7692307692307693,0.8219178082191781,39,34
vocadito,25,clean,,Motor Tapes - Shore,spectral_flux,0.4772727272727273,0.5526315789473685,0.5121951219512196,38,44
vocadito,25,clean,,Motor Tapes - Shore,superflux,0.5263157894736842,0.5263157894736842,0.5263157894736842,38,38
vocadito,25,clean,,Motor Tapes - Shore,madmom_cnn,0.71875,0.6052631578947368,0.6571428571428571,38,32
vocadito,25,mix,-5.0,Motor Tapes - Shore,spectral_flux,0.24390243902439024,0.5263157894736842,0.3333333333333333,38,82
vocadito,25,mix,-5.0,Motor Tapes - Shore,superflux,0.24675324675324675,0.5,0.3304347826086957,38,77
vocadito,25,mix,-5.0,Motor Tapes - Shore,madmom_cnn,0.25,0.5263157894736842,0.3389830508474576,38,80
vocadito,25,separated,-5.0,Motor Tapes - Shore,spectral_flux,0.30864197530864196,0.6578947368421053,0.42016806722689076,38,81
vocadito,25,separated,-5.0,Motor Tapes - Shore,superflux,0.41304347826086957,0.5,0.45238095238095233,38,46
vocadito,25,separated,-5.0,Motor Tapes - Shore,madmom_cnn,0.6842105263157895,0.34210526315789475,0.45614035087719296,38,19
vocadito,25,mix,0.0,Motor Tapes - Shore,spectral_flux,0.26136363636363635,0.6052631578947368,0.36507936507936506,38,88
vocadito,25,mix,0.0,Motor Tapes - Shore,superflux,0.25316455696202533,0.5263157894736842,0.3418803418803419,38,79
vocadito,25,mix,0.0,Motor Tapes - Shore,madmom_cnn,0.28378378378378377,0.5526315789473685,0.375,38,74
vocadito,25,separated,0.0,Motor Tapes - Shore,spectral_flux,0.35,0.7368421052631579,0.47457627118644063,38,80
vocadito,25,separated,0.0,Motor Tapes - Shore,superflux,0.46153846153846156,0.47368421052631576,0.4675324675324675,38,39
vocadito,25,separated,0.0,Motor Tapes - Shore,madmom_cnn,0.782608695652174,0.47368421052631576,0.5901639344262294,38,23
vocadito,25,mix,5.0,Motor Tapes - Shore,spectral_flux,0.2653061224489796,0.6842105263157895,0.3823529411764706,38,98
vocadito,25,mix,5.0,Motor Tapes - Shore,superflux,0.30666666666666664,0.6052631578947368,0.4070796460176991,38,75
vocadito,25,mix,5.0,Motor Tapes - Shore,madmom_cnn,0.375,0.5526315789473685,0.44680851063829785,38,56
vocadito,25,separated,5.0,Motor Tapes - Shore,spectral_flux,0.3939393939393939,0.6842105263157895,0.5,38,66
vocadito,25,separated,5.0,Motor Tapes - Shore,superflux,0.4634146341463415,0.5,0.48101265822784817,38,41
vocadito,25,separated,5.0,Motor Tapes - Shore,madmom_cnn,0.8333333333333334,0.5263157894736842,0.6451612903225806,38,24
vocadito,26,clean,,Music Delta - 80s Rock,spectral_flux,0.6351351351351351,0.6438356164383562,0.6394557823129252,73,74
vocadito,26,clean,,Music Delta - 80s Rock,superflux,0.6811594202898551,0.6438356164383562,0.6619718309859155,73,69
vocadito,26,clean,,Music Delta - 80s Rock,madmom_cnn,0.803030303030303,0.726027397260274,0.7625899280575539,73,66
vocadito,26,mix,-5.0,Music Delta - 80s Rock,spectral_flux,0.5263157894736842,0.410958904109589,0.46153846153846156,73,57
vocadito,26,mix,-5.0,Music Delta - 80s Rock,superflux,0.6,0.3287671232876712,0.4247787610619469,73,40
vocadito,26,mix,-5.0,Music Delta - 80s Rock,madmom_cnn,0.5571428571428572,0.5342465753424658,0.5454545454545454,73,70
vocadito,26,separated,-5.0,Music Delta - 80s Rock,spectral_flux,0.684931506849315,0.684931506849315,0.684931506849315,73,73
vocadito,26,separated,-5.0,Music Delta - 80s Rock,superflux,0.7543859649122807,0.589041095890411,0.6615384615384615,73,57
vocadito,26,separated,-5.0,Music Delta - 80s Rock,madmom_cnn,0.8571428571428571,0.5753424657534246,0.6885245901639344,73,49
vocadito,26,mix,0.0,Music Delta - 80s Rock,spectral_flux,0.55,0.4520547945205479,0.49624060150375937,73,60
vocadito,26,mix,0.0,Music Delta - 80s Rock,superflux,0.6170212765957447,0.3972602739726027,0.48333333333333334,73,47
vocadito,26,mix,0.0,Music Delta - 80s Rock,madmom_cnn,0.6,0.5753424657534246,0.5874125874125874,73,70
vocadito,26,separated,0.0,Music Delta - 80s Rock,spectral_flux,0.7014925373134329,0.6438356164383562,0.6714285714285715,73,67
vocadito,26,separated,0.0,Music Delta - 80s Rock,superflux,0.7758620689655172,0.6164383561643836,0.6870229007633589,73,58
vocadito,26,separated,0.0,Music Delta - 80s Rock,madmom_cnn,0.9148936170212766,0.589041095890411,0.7166666666666667,73,47
vocadito,26,mix,5.0,Music Delta - 80s Rock,spectral_flux,0.6086956521739131,0.5753424657534246,0.5915492957746479,73,69
vocadito,26,mix,5.0,Music Delta - 80s Rock,superflux,0.6491228070175439,0.5068493150684932,0.5692307692307693,73,57
vocadito,26,mix,5.0,Music Delta - 80s Rock,madmom_cnn,0.6086956521739131,0.5753424657534246,0.5915492957746479,73,69
vocadito,26,separated,5.0,Music Delta - 80s Rock,spectral_flux,0.6753246753246753,0.7123287671232876,0.6933333333333332,73,77
vocadito,26,separated,5.0,Music Delta - 80s Rock,superflux,0.746031746031746,0.6438356164383562,0.6911764705882354,73,63
vocadito,26,separated,5.0,Music Delta - 80s Rock,madmom_cnn,0.9,0.6164383561643836,0.7317073170731706,73,50
vocadito,27,clean,,Triviul - Angelsaint,spectral_flux,0.46808510638297873,0.6470588235294118,0.54320987654321,34,47
vocadito,27,clean,,Triviul - Angelsaint,superflux,0.47619047619047616,0.5882352941176471,0.5263157894736842,34,42
vocadito,27,clean,,Triviul - Angelsaint,madmom_cnn,0.6829268292682927,0.8235294117647058,0.7466666666666667,34,41
vocadito,27,mix,-5.0,Triviul - Angelsaint,spectral_flux,0.27692307692307694,0.5294117647058824,0.36363636363636365,34,65
vocadito,27,mix,-5.0,Triviul - Angelsaint,superflux,0.27586206896551724,0.47058823529411764,0.34782608695652173,34,58
vocadito,27,mix,-5.0,Triviul - Angelsaint,madmom_cnn,0.3235294117647059,0.6470588235294118,0.4313725490196078,34,68
vocadito,27,separated,-5.0,Triviul - Angelsaint,spectral_flux,0.36666666666666664,0.6470588235294118,0.46808510638297873,34,60
vocadito,27,separated,-5.0,Triviul - Angelsaint,superflux,0.5135135135135135,0.5588235294117647,0.5352112676056339,34,37
vocadito,27,separated,-5.0,Triviul - Angelsaint,madmom_cnn,0.696969696969697,0.6764705882352942,0.6865671641791046,34,33
vocadito,27,mix,0.0,Triviul - Angelsaint,spectral_flux,0.3088235294117647,0.6176470588235294,0.4117647058823529,34,68
vocadito,27,mix,0.0,Triviul - Angelsaint,superflux,0.3384615384615385,0.6470588235294118,0.4444444444444445,34,65
vocadito,27,mix,0.0,Triviul - Angelsaint,madmom_cnn,0.33783783783783783,0.7352941176470589,0.462962962962963,34,74
vocadito,27,separated,0.0,Triviul - Angelsaint,spectral_flux,0.3888888888888889,0.6176470588235294,0.4772727272727273,34,54
vocadito,27,separated,0.0,Triviul - Angelsaint,superflux,0.5,0.5882352941176471,0.5405405405405405,34,40
vocadito,27,separated,0.0,Triviul - Angelsaint,madmom_cnn,0.8064516129032258,0.7352941176470589,0.7692307692307693,34,31
vocadito,27,mix,5.0,Triviul - Angelsaint,spectral_flux,0.36,0.7941176470588235,0.49541284403669716,34,75
vocadito,27,mix,5.0,Triviul - Angelsaint,superflux,0.3561643835616438,0.7647058823529411,0.4859813084112149,34,73
vocadito,27,mix,5.0,Triviul - Angelsaint,madmom_cnn,0.33766233766233766,0.7647058823529411,0.4684684684684685,34,77
vocadito,27,separated,5.0,Triviul - Angelsaint,spectral_flux,0.4489795918367347,0.6470588235294118,0.5301204819277109,34,49
vocadito,27,separated,5.0,Triviul - Angelsaint,superflux,0.5128205128205128,0.5882352941176471,0.547945205479452,34,39
vocadito,27,separated,5.0,Triviul - Angelsaint,madmom_cnn,0.84375,0.7941176470588235,0.8181818181818182,34,32
vocadito,28,clean,,Enda Reilly - Cur An Long Ag Seol,spectral_flux,0.4426229508196721,0.6136363636363636,0.5142857142857142,44,61
vocadito,28,clean,,Enda Reilly - Cur An Long Ag Seol,superflux,0.4528301886792453,0.5454545454545454,0.49484536082474223,44,53
vocadito,28,clean,,Enda Reilly - Cur An Long Ag Seol,madmom_cnn,0.6829268292682927,0.6363636363636364,0.6588235294117647,44,41
vocadito,28,mix,-5.0,Enda Reilly - Cur An Long Ag Seol,spectral_flux,0.3466666666666667,0.5909090909090909,0.4369747899159664,44,75
vocadito,28,mix,-5.0,Enda Reilly - Cur An Long Ag Seol,superflux,0.31343283582089554,0.4772727272727273,0.3783783783783784,44,67
vocadito,28,mix,-5.0,Enda Reilly - Cur An Long Ag Seol,madmom_cnn,0.37209302325581395,0.7272727272727273,0.49230769230769234,44,86
vocadito,28,separated,-5.0,Enda Reilly - Cur An Long Ag Seol,spectral_flux,0.39080459770114945,0.7727272727272727,0.5190839694656488,44,87
vocadito,28,separated,-5.0,Enda Reilly - Cur An Long Ag Seol,superflux,0.4426229508196721,0.6136363636363636,0.5142857142857142,44,61
vocadito,28,separated,-5.0,Enda Reilly - Cur An Long Ag Seol,madmom_cnn,0.8378378378378378,0.7045454545454546,0.7654320987654323,44,37
vocadito,28,mix,0.0,Enda Reilly - Cur An Long Ag Seol,spectral_flux,0.35365853658536583,0.6590909090909091,0.4603174603174603,44,82
vocadito,28,mix,0.0,Enda Reilly - Cur An Long Ag Seol,superflux,0.34782608695652173,0.5454545454545454,0.4247787610619469,44,69
vocadito,28,mix,0.0,Enda Reilly - Cur An Long Ag Seol,madmom_cnn,0.3953488372093023,0.7727272727272727,0.523076923076923,44,86
vocadito,28,separated,0.0,Enda Reilly - Cur An Long Ag Seol,spectral_flux,0.41333333333333333,0.7045454545454546,0.5210084033613445,44,75
vocadito,28,separated,0.0,Enda Reilly - Cur An Long Ag Seol,superflux,0.4444444444444444,0.5454545454545454,0.4897959183673469,44,54
vocadito,28,separated,0.0,Enda Reilly - Cur An Long Ag Seol,madmom_cnn,0.7777777777777778,0.6363636363636364,0.7000000000000001,44,36
vocadito,28,mix,5.0,Enda Reilly - Cur An Long Ag Seol,spectral_flux,0.3516483516483517,0.7272727272727273,0.47407407407407404,44,91
vocadito,28,mix,5.0,Enda Reilly - Cur An Long Ag Seol,superflux,0.379746835443038,0.6818181818181818,0.4878048780487805,44,79
vocadito,28,mix,5.0,Enda Reilly - Cur An Long Ag Seol,madmom_cnn,0.4166666666666667,0.7954545454545454,0.546875,44,84
vocadito,28,separated,5.0,Enda Reilly - Cur An Long Ag Seol,spectral_flux,0.46153846153846156,0.6818181818181818,0.5504587155963303,44,65
vocadito,28,separated,5.0,Enda Reilly - Cur An Long Ag Seol,superflux,0.5192307692307693,0.6136363636363636,0.5625,44,52
vocadito,28,separated,5.0,Enda Reilly - Cur An Long Ag Seol,madmom_cnn,0.7435897435897436,0.6590909090909091,0.6987951807228915,44,39
vocadito,29,clean,,The Districts - Vermont,spectral_flux,0.40350877192982454,0.6388888888888888,0.49462365591397844,36,57
vocadito,29,clean,,The Districts - Vermont,superflux,0.4716981132075472,0.6944444444444444,0.5617977528089889,36,53
vocadito,29,clean,,The Districts - Vermont,madmom_cnn,0.6818181818181818,0.8333333333333334,0.7499999999999999,36,44
vocadito,29,mix,-5.0,The Districts - Vermont,spectral_flux,0.18681318681318682,0.4722222222222222,0.2677165354330709,36,91
vocadito,29,mix,-5.0,The Districts - Vermont,superflux,0.22727272727272727,0.4166666666666667,0.29411764705882354,36,66
vocadito,29,mix,-5.0,The Districts - Vermont,madmom_cnn,0.3898305084745763,0.6388888888888888,0.4842105263157894,36,59
vocadito,29,separated,-5.0,The Districts - Vermont,spectral_flux,0.2807017543859649,0.8888888888888888,0.4266666666666667,36,114
vocadito,29,separated,-5.0,The Districts - Vermont,superflux,0.43283582089552236,0.8055555555555556,0.5631067961165048,36,67
vocadito,29,separated,-5.0,The Districts - Vermont,madmom_cnn,0.6842105263157895,0.7222222222222222,0.7027027027027027,36,38
vocadito,29,mix,0.0,The Districts - Vermont,spectral_flux,0.21649484536082475,0.5833333333333334,0.31578947368421056,36,97
vocadito,29,mix,0.0,The Districts - Vermont,superflux,0.2894736842105263,0.6111111111111112,0.3928571428571429,36,76
vocadito,29,mix,0.0,The Districts - Vermont,madmom_cnn,0.46875,0.8333333333333334,0.6,36,64
vocadito,29,separated,0.0,The Districts - Vermont,spectral_flux,0.3780487804878049,0.8611111111111112,0.5254237288135594,36,82
vocadito,29,separated,0.0,The Districts - Vermont,superflux,0.5686274509803921,0.8055555555555556,0.6666666666666667,36,51
vocadito,29,separated,0.0,The Districts - Vermont,madmom_cnn,0.6842105263157895,0.7222222222222222,0.7027027027027027,36,38
vocadito,29,mix,5.0,The Districts - Vermont,spectral_flux,0.2358490566037736,0.6944444444444444,0.35211267605633806,36,106
vocadito,29,mix,5.0,The Districts - Vermont,superflux,0.3146067415730337,0.7777777777777778,0.44799999999999995,36,89
vocadito,29,mix,5.0,The Districts - Vermont,madmom_cnn,0.5490196078431373,0.7777777777777778,0.6436781609195402,36,51
vocadito,29,separated,5.0,The Districts - Vermont,spectral_flux,0.4576271186440678,0.75,0.5684210526315788,36,59
vocadito,29,separated,5.0,The Districts - Vermont,superflux,0.5416666666666666,0.7222222222222222,0.619047619047619,36,48
vocadito,29,separated,5.0,The Districts - Vermont,madmom_cnn,0.717948717948718,0.7777777777777778,0.7466666666666666,36,39
vocadito,3,clean,,Punkdisco - Oral Hygiene,spectral_flux,0.5714285714285714,0.7058823529411765,0.6315789473684211,51,63
vocadito,3,clean,,Punkdisco - Oral Hygiene,superflux,0.5238095238095238,0.6470588235294118,0.5789473684210527,51,63
vocadito,3,clean,,Punkdisco - Oral Hygiene,madmom_cnn,0.7068965517241379,0.803921568627451,0.7522935779816514,51,58
vocadito,3,mix,-5.0,Punkdisco - Oral Hygiene,spectral_flux,0.192,0.47058823529411764,0.2727272727272727,51,125
vocadito,3,mix,-5.0,Punkdisco - Oral Hygiene,superflux,0.23529411764705882,0.47058823529411764,0.3137254901960785,51,102
vocadito,3,mix,-5.0,Punkdisco - Oral Hygiene,madmom_cnn,0.2905982905982906,0.6666666666666666,0.4047619047619048,51,117
vocadito,3,separated,-5.0,Punkdisco - Oral Hygiene,spectral_flux,0.3761467889908257,0.803921568627451,0.5125000000000001,51,109
vocadito,3,separated,-5.0,Punkdisco - Oral Hygiene,superflux,0.4875,0.7647058823529411,0.5954198473282442,51,80
vocadito,3,separated,-5.0,Punkdisco - Oral Hygiene,madmom_cnn,0.75,0.7058823529411765,0.7272727272727272,51,48
vocadito,3,mix,0.0,Punkdisco - Oral Hygiene,spectral_flux,0.22900763358778625,0.5882352941176471,0.3296703296703296,51,131
vocadito,3,mix,0.0,Punkdisco - Oral Hygiene,superflux,0.27184466019417475,0.5490196078431373,0.3636363636363636,51,103
vocadito,3,mix,0.0,Punkdisco - Oral Hygiene,madmom_cnn,0.3211009174311927,0.6862745098039216,0.4375,51,109
vocadito,3,separated,0.0,Punkdisco - Oral Hygiene,spectral_flux,0.45977011494252873,0.7843137254901961,0.5797101449275363,51,87
vocadito,3,separated,0.0,Punkdisco - Oral Hygiene,superflux,0.5333333333333333,0.7843137254901961,0.634920634920635,51,75
vocadito,3,separated,0.0,Punkdisco - Oral Hygiene,madmom_cnn,0.7755102040816326,0.7450980392156863,0.76,51,49
vocadito,3,mix,5.0,Punkdisco - Oral Hygiene,spectral_flux,0.27419354838709675,0.6666666666666666,0.38857142857142857,51,124
vocadito,3,mix,5.0,Punkdisco - Oral Hygiene,superflux,0.2815533980582524,0.5686274509803921,0.3766233766233766,51,103
vocadito,3,mix,5.0,Punkdisco - Oral Hygiene,madmom_cnn,0.37373737373737376,0.7254901960784313,0.4933333333333333,51,99
vocadito,3,separated,5.0,Punkdisco - Oral Hygiene,spectral_flux,0.5063291139240507,0.7843137254901961,0.6153846153846154,51,79
vocadito,3,separated,5.0,Punkdisco - Oral Hygiene,superflux,0.5555555555555556,0.7843137254901961,0.6504065040650406,51,72
vocadito,3,separated,5.0,Punkdisco - Oral Hygiene,madmom_cnn,0.76,0.7450980392156863,0.7524752475247525,51,50
vocadito,30,clean,,A Classic Education - NightOwl,spectral_flux,0.6923076923076923,0.6206896551724138,0.6545454545454545,58,52
vocadito,30,clean,,A Classic Education - NightOwl,superflux,0.7083333333333334,0.5862068965517241,0.6415094339622641,58,48
vocadito,30,clean,,A Classic Education - NightOwl,madmom_cnn,0.711864406779661,0.7241379310344828,0.717948717948718,58,59
vocadito,30,mix,-5.0,A Classic Education - NightOwl,spectral_flux,0.55,0.5689655172413793,0.5593220338983051,58,60
vocadito,30,mix,-5.0,A Classic Education - NightOwl,superflux,0.5833333333333334,0.4827586206896552,0.5283018867924529,58,48
vocadito,30,mix,-5.0,A Classic Education - NightOwl,madmom_cnn,0.6274509803921569,0.5517241379310345,0.5871559633027523,58,51
vocadito,30,separated,-5.0,A Classic Education - NightOwl,spectral_flux,0.6666666666666666,0.6896551724137931,0.6779661016949153,58,60
vocadito,30,separated,-5.0,A Classic Education - NightOwl,superflux,0.7555555555555555,0.5862068965517241,0.6601941747572815,58,45
vocadito,30,separated,-5.0,A Classic Education - NightOwl,madmom_cnn,0.8536585365853658,0.603448275862069,0.7070707070707071,58,41
vocadito,30,mix,0.0,A Classic Education - NightOwl,spectral_flux,0.546875,0.603448275862069,0.5737704918032787,58,64
vocadito,30,mix,0.0,A Classic Education - NightOwl,superflux,0.5740740740740741,0.5344827586206896,0.5535714285714285,58,54
vocadito,30,mix,0.0,A Classic Education - NightOwl,madmom_cnn,0.6545454545454545,0.6206896551724138,0.6371681415929203,58,55
vocadito,30,separated,0.0,A Classic Education - NightOwl,spectral_flux,0.7222222222222222,0.6724137931034483,0.6964285714285714,58,54
vocadito,30,separated,0.0,A Classic Education - NightOwl,superflux,0.7608695652173914,0.603448275862069,0.673076923076923,58,46
vocadito,30,separated,0.0,A Classic Education - NightOwl,madmom_cnn,0.8,0.6896551724137931,0.7407407407407408,58,50
vocadito,30,mix,5.0,A Classic Education - NightOwl,spectral_flux,0.6190476190476191,0.6724137931034483,0.6446280991735537,58,63
vocadito,30,mix,5.0,A Classic Education - NightOwl,superflux,0.6226415094339622,0.5689655172413793,0.5945945945945946,58,53
vocadito,30,mix,5.0,A Classic Education - NightOwl,madmom_cnn,0.6551724137931034,0.6551724137931034,0.6551724137931034,58,58
vocadito,30,separated,5.0,A Classic Education - NightOwl,spectral_flux,0.6842105263157895,0.6724137931034483,0.6782608695652174,58,57
vocadito,30,separated,5.0,A Classic Education - NightOwl,superflux,0.6862745098039216,0.603448275862069,0.6422018348623854,58,51
vocadito,30,separated,5.0,A Classic Education - NightOwl,madmom_cnn,0.7735849056603774,0.7068965517241379,0.7387387387387387,58,53
vocadito,31,clean,,James Elder & Mark M Thompson - The English Actor,spectral_flux,0.5079365079365079,0.6808510638297872,0.5818181818181817,47,63
vocadito,31,clean,,James Elder & Mark M Thompson - The English Actor,superflux,0.5686274509803921,0.6170212765957447,0.5918367346938775,47,51
vocadito,31,clean,,James Elder & Mark M Thompson - The English Actor,madmom_cnn,0.5671641791044776,0.8085106382978723,0.6666666666666666,47,67
vocadito,31,mix,-5.0,James Elder & Mark M Thompson - The English Actor,spectral_flux,0.24719101123595505,0.46808510638297873,0.3235294117647059,47,89
vocadito,31,mix,-5.0,James Elder & Mark M Thompson - The English Actor,superflux,0.27058823529411763,0.48936170212765956,0.3484848484848485,47,85
vocadito,31,mix,-5.0,James Elder & Mark M Thompson - The English Actor,madmom_cnn,0.3563218390804598,0.6595744680851063,0.46268656716417916,47,87
vocadito,31,separated,-5.0,James Elder & Mark M Thompson - The English Actor,spectral_flux,0.5362318840579711,0.7872340425531915,0.6379310344827587,47,69
vocadito,31,separated,-5.0,James Elder & Mark M Thompson - The English Actor,superflux,0.6037735849056604,0.6808510638297872,0.64,47,53
vocadito,31,separated,-5.0,James Elder & Mark M Thompson - The English Actor,madmom_cnn,0.7560975609756098,0.6595744680851063,0.7045454545454545,47,41
vocadito,31,mix,0.0,James Elder & Mark M Thompson - The English Actor,spectral_flux,0.2872340425531915,0.574468085106383,0.3829787234042553,47,94
vocadito,31,mix,0.0,James Elder & Mark M Thompson - The English Actor,superflux,0.2891566265060241,0.5106382978723404,0.36923076923076925,47,83
vocadito,31,mix,0.0,James Elder & Mark M Thompson - The English Actor,madmom_cnn,0.3626373626373626,0.7021276595744681,0.47826086956521735,47,91
vocadito,31,separated,0.0,James Elder & Mark M Thompson - The English Actor,spectral_flux,0.4868421052631579,0.7872340425531915,0.6016260162601627,47,76
vocadito,31,separated,0.0,James Elder & Mark M Thompson - The English Actor,superflux,0.6140350877192983,0.7446808510638298,0.673076923076923,47,57
vocadito,31,separated,0.0,James Elder & Mark M Thompson - The English Actor,madmom_cnn,0.75,0.7659574468085106,0.7578947368421053,47,48
vocadito,31,mix,5.0,James Elder & Mark M Thompson - The English Actor,spectral_flux,0.30612244897959184,0.6382978723404256,0.41379310344827586,47,98
vocadito,31,mix,5.0,James Elder & Mark M Thompson - The English Actor,superflux,0.3333333333333333,0.6382978723404256,0.43795620437956206,47,90
vocadito,31,mix,5.0,James Elder & Mark M Thompson - The English Actor,madmom_cnn,0.3695652173913043,0.723404255319149,0.4892086330935252,47,92
vocadito,31,separated,5.0,James Elder & Mark M Thompson - The English Actor,spectral_flux,0.5211267605633803,0.7872340425531915,0.6271186440677966,47,71
vocadito,31,separated,5.0,James Elder & Mark M Thompson - The English Actor,superflux,0.5740740740740741,0.6595744680851063,0.613861386138614,47,54
vocadito,31,separated,5.0,James Elder & Mark M Thompson - The English Actor,madmom_cnn,0.74,0.7872340425531915,0.7628865979381443,47,50
vocadito,32,clean,,The Mountaineering Club - Mallory,spectral_flux,0.4036697247706422,0.7719298245614035,0.5301204819277108,57,109
vocadito,32,clean,,The Mountaineering Club - Mallory,superflux,0.4431818181818182,0.6842105263157895,0.5379310344827586,57,88
vocadito,32,clean,,The Mountaineering Club - Mallory,madmom_cnn,0.6949152542372882,0.7192982456140351,0.706896551724138,57,59
vocadito,32,mix,-5.0,The Mountaineering Club - Mallory,spectral_flux,0.21354166666666666,0.7192982456140351,0.32931726907630526,57,192
vocadito,32,mix,-5.0,The Mountaineering Club - Mallory,superflux,0.20765027322404372,0.6666666666666666,0.31666666666666665,57,183
vocadito,32,mix,-5.0,The Mountaineering Club - Mallory,madmom_cnn,0.22857142857142856,0.8421052631578947,0.35955056179775274,57,210
vocadito,32,separated,-5.0,The Mountaineering Club - Mallory,spectral_flux,0.27624309392265195,0.8771929824561403,0.42016806722689076,57,181
vocadito,32,separated,-5.0,The Mountaineering Club - Mallory,superflux,0.2875,0.8070175438596491,0.423963133640553,57,160
vocadito,32,separated,-5.0,The Mountaineering Club - Mallory,madmom_cnn,0.582089552238806,0.6842105263157895,0.6290322580645161,57,67
vocadito,32,mix,0.0,The Mountaineering Club - Mallory,spectral_flux,0.21875,0.7368421052631579,0.3373493975903615,57,192
vocadito,32,mix,0.0,The Mountaineering Club - Mallory,superflux,0.21390374331550802,0.7017543859649122,0.32786885245901637,57,187
vocadito,32,mix,0.0,The Mountaineering Club - Mallory,madmom_cnn,0.2524271844660194,0.9122807017543859,0.3954372623574144,57,206
vocadito,32,separated,0.0,The Mountaineering Club - Mallory,spectral_flux,0.3161290322580645,0.8596491228070176,0.4622641509433962,57,155
vocadito,32,separated,0.0,The Mountaineering Club - Mallory,superflux,0.35074626865671643,0.8245614035087719,0.4921465968586388,57,134
vocadito,32,separated,0.0,The Mountaineering Club - Mallory,madmom_cnn,0.7321428571428571,0.7192982456140351,0.7256637168141592,57,56
vocadito,32,mix,5.0,The Mountaineering Club - Mallory,spectral_flux,0.24120603015075376,0.8421052631578947,0.375,57,199
vocadito,32,mix,5.0,The Mountaineering Club - Mallory,superflux,0.2356020942408377,0.7894736842105263,0.3629032258064516,57,191
vocadito,32,mix,5.0,The Mountaineering Club - Mallory,madmom_cnn,0.26288659793814434,0.8947368421052632,0.4063745019920319,57,194
vocadito,32,separated,5.0,The Mountaineering Club - Mallory,spectral_flux,0.384,0.8421052631578947,0.5274725274725276,57,125
vocadito,32,separated,5.0,The Mountaineering Club - Mallory,superflux,0.4421052631578947,0.7368421052631579,0.5526315789473685,57,95
vocadito,32,separated,5.0,The Mountaineering Club - Mallory,madmom_cnn,0.7777777777777778,0.7368421052631579,0.7567567567567567,57,54
vocadito,33,clean,,Mu - Too Bright,spectral_flux,0.49514563106796117,0.6375,0.5573770491803278,80,103
vocadito,33,clean,,Mu - Too Bright,superflux,0.49,0.6125,0.5444444444444445,80,100
vocadito,33,clean,,Mu - Too Bright,madmom_cnn,0.6086956521739131,0.7,0.6511627906976744,80,92
vocadito,33,mix,-5.0,Mu - Too Bright,spectral_flux,0.2810810810810811,0.65,0.39245283018867927,80,185
vocadito,33,mix,-5.0,Mu - Too Bright,superflux,0.2619047619047619,0.55,0.3548387096774194,80,168
vocadito,33,mix,-5.0,Mu - Too Bright,madmom_cnn,0.30288461538461536,0.7875,0.4375,80,208
vocadito,33,separated,-5.0,Mu - Too Bright,spectral_flux,0.4,0.675,0.5023255813953488,80,135
vocadito,33,separated,-5.0,Mu - Too Bright,superflux,0.43103448275862066,0.625,0.5102040816326531,80,116
vocadito,33,separated,-5.0,Mu - Too Bright,madmom_cnn,0.6105263157894737,0.725,0.6628571428571429,80,95
vocadito,33,mix,0.0,Mu - Too Bright,spectral_flux,0.3005181347150259,0.725,0.4249084249084249,80,193
vocadito,33,mix,0.0,Mu - Too Bright,superflux,0.29545454545454547,0.65,0.40625,80,176
vocadito,33,mix,0.0,Mu - Too Bright,madmom_cnn,0.3333333333333333,0.825,0.4748201438848921,80,198
vocadito,33,separated,0.0,Mu - Too Bright,spectral_flux,0.4435483870967742,0.6875,0.5392156862745098,80,124
vocadito,33,separated,0.0,Mu - Too Bright,superflux,0.45871559633027525,0.625,0.5291005291005292,80,109
vocadito,33,separated,0.0,Mu - Too Bright,madmom_cnn,0.6588235294117647,0.7,0.6787878787878787,80,85
vocadito,33,mix,5.0,Mu - Too Bright,spectral_flux,0.296875,0.7125,0.41911764705882354,80,192
vocadito,33,mix,5.0,Mu - Too Bright,superflux,0.29213483146067415,0.65,0.4031007751937985,80,178
vocadito,33,mix,5.0,Mu - Too Bright,madmom_cnn,0.3385416666666667,0.8125,0.47794117647058826,80,192
vocadito,33,separated,5.0,Mu - Too Bright,spectral_flux,0.4830508474576271,0.7125,0.5757575757575758,80,118
vocadito,33,separated,5.0,Mu - Too Bright,superflux,0.4811320754716981,0.6375,0.5483870967741935,80,106
vocadito,33,separated,5.0,Mu - Too Bright,madmom_cnn,0.6785714285714286,0.7125,0.6951219512195121,80,84
vocadito,34,clean,,ANiMAL - Rockshow,spectral_flux,0.6185567010309279,0.6741573033707865,0.6451612903225807,89,97
vocadito,34,clean,,ANiMAL - Rockshow,superflux,0.6236559139784946,0.651685393258427,0.6373626373626373,89,93
vocadito,34,clean,,ANiMAL - Rockshow,madmom_cnn,0.6138613861386139,0.6966292134831461,0.6526315789473685,89,101
vocadito,34,mix,-5.0,ANiMAL - Rockshow,spectral_flux,0.27918781725888325,0.6179775280898876,0.3846153846153846,89,197
vocadito,34,mix,-5.0,ANiMAL - Rockshow,superflux,0.2896551724137931,0.47191011235955055,0.35897435897435903,89,145
vocadito,34,mix,-5.0,ANiMAL - Rockshow,madmom_cnn,0.3121951219512195,0.7191011235955056,0.43537414965986393,89,205
vocadito,34,separated,-5.0,ANiMAL - Rockshow,spectral_flux,0.34868421052631576,0.5955056179775281,0.43983402489626555,89,152
vocadito,34,separated,-5.0,ANiMAL - Rockshow,superflux,0.44,0.6179775280898876,0.5140186915887851,89,125
vocadito,34,separated,-5.0,ANiMAL - Rockshow,madmom_cnn,0.5643564356435643,0.6404494382022472,0.6,89,101
vocadito,34,mix,0.0,ANiMAL - Rockshow,spectral_flux,0.2931937172774869,0.6292134831460674,0.39999999999999997,89,191
vocadito,34,mix,0.0,ANiMAL - Rockshow,superflux,0.3129251700680272,0.5168539325842697,0.3898305084745763,89,147
vocadito,34,mix,0.0,ANiMAL - Rockshow,madmom_cnn,0.3317757009345794,0.797752808988764,0.46864686468646866,89,214
vocadito,34,separated,0.0,ANiMAL - Rockshow,spectral_flux,0.4827586206896552,0.6292134831460674,0.5463414634146342,89,116
vocadito,34,separated,0.0,ANiMAL - Rockshow,superflux,0.5196078431372549,0.5955056179775281,0.5549738219895288,89,102
vocadito,34,separated,0.0,ANiMAL - Rockshow,madmom_cnn,0.61,0.6853932584269663,0.6455026455026455,89,100
vocadito,34,mix,5.0,ANiMAL - Rockshow,spectral_flux,0.32978723404255317,0.6966292134831461,0.447653429602888,89,188
vocadito,34,mix,5.0,ANiMAL - Rockshow,superflux,0.33774834437086093,0.5730337078651685,0.425,89,151
vocadito,34,mix,5.0,ANiMAL - Rockshow,madmom_cnn,0.36585365853658536,0.8426966292134831,0.5102040816326531,89,205
vocadito,34,separated,5.0,ANiMAL - Rockshow,spectral_flux,0.5137614678899083,0.6292134831460674,0.5656565656565657,89,109
vocadito,34,separated,5.0,ANiMAL - Rockshow,superflux,0.5656565656565656,0.6292134831460674,0.5957446808510638,89,99
vocadito,34,separated,5.0,ANiMAL - Rockshow,madmom_cnn,0.6262626262626263,0.6966292134831461,0.6595744680851064,89,99
vocadito,35,clean,,Speak Softly - Like Horses,spectral_flux,0.5625,0.4864864864864865,0.5217391304347827,37,32
vocadito,35,clean,,Speak Softly - Like Horses,superflux,0.4166666666666667,0.40540540540540543,0.4109589041095891,37,36
vocadito,35,clean,,Speak Softly - Like Horses,madmom_cnn,0.6111111111111112,0.5945945945945946,0.6027397260273972,37,36
vocadito,35,mix,-5.0,Speak Softly - Like Horses,spectral_flux,0.23255813953488372,0.5405405405405406,0.3252032520325203,37,86
vocadito,35,mix,-5.0,Speak Softly - Like Horses,superflux,0.2345679012345679,0.5135135135135135,0.3220338983050847,37,81
vocadito,35,mix,-5.0,Speak Softly - Like Horses,madmom_cnn,0.2765957446808511,0.7027027027027027,0.39694656488549623,37,94
vocadito,35,separated,-5.0,Speak Softly - Like Horses,spectral_flux,0.3291139240506329,0.7027027027027027,0.4482758620689656,37,79
vocadito,35,separated,-5.0,Speak Softly - Like Horses,superflux,0.2835820895522388,0.5135135135135135,0.3653846153846153,37,67
vocadito,35,separated,-5.0,Speak Softly - Like Horses,madmom_cnn,0.5333333333333333,0.6486486486486487,0.5853658536585367,37,45
vocadito,35,mix,0.0,Speak Softly - Like Horses,spectral_flux,0.23863636363636365,0.5675675675675675,0.33599999999999997,37,88
vocadito,35,mix,0.0,Speak Softly - Like Horses,superflux,0.27058823529411763,0.6216216216216216,0.37704918032786877,37,85
vocadito,35,mix,0.0,Speak Softly - Like Horses,madmom_cnn,0.3023255813953488,0.7027027027027027,0.4227642276422764,37,86
vocadito,35,separated,0.0,Speak Softly - Like Horses,spectral_flux,0.4897959183673469,0.6486486486486487,0.5581395348837208,37,49
vocadito,35,separated,0.0,Speak Softly - Like Horses,superflux,0.4444444444444444,0.5405405405405406,0.4878048780487805,37,45
vocadito,35,separated,0.0,Speak Softly - Like Horses,madmom_cnn,0.5897435897435898,0.6216216216216216,0.6052631578947368,37,39
vocadito,35,mix,5.0,Speak Softly - Like Horses,spectral_flux,0.2826086956521739,0.7027027027027027,0.40310077519379844,37,92
vocadito,35,mix,5.0,Speak Softly - Like Horses,superflux,0.27380952380952384,0.6216216216216216,0.38016528925619836,37,84
vocadito,35,mix,5.0,Speak Softly - Like Horses,madmom_cnn,0.2976190476190476,0.6756756756756757,0.4132231404958677,37,84
vocadito,35,separated,5.0,Speak Softly - Like Horses,spectral_flux,0.59375,0.5135135135135135,0.5507246376811593,37,32
vocadito,35,separated,5.0,Speak Softly - Like Horses,superflux,0.4594594594594595,0.4594594594594595,0.4594594594594595,37,37
vocadito,35,separated,5.0,Speak Softly - Like Horses,madmom_cnn,0.6111111111111112,0.5945945945945946,0.6027397260273972,37,36
vocadito,36,clean,,Skelpolu - Human Mistakes,spectral_flux,0.5,0.746268656716418,0.5988023952095809,67,100
vocadito,36,clean,,Skelpolu - Human Mistakes,superflux,0.5555555555555556,0.746268656716418,0.6369426751592356,67,90
vocadito,36,clean,,Skelpolu - Human Mistakes,madmom_cnn,0.5975609756097561,0.7313432835820896,0.6577181208053691,67,82
vocadito,36,mix,-5.0,Skelpolu - Human Mistakes,spectral_flux,0.3023255813953488,0.7761194029850746,0.4351464435146443,67,172
vocadito,36,mix,-5.0,Skelpolu - Human Mistakes,superflux,0.281437125748503,0.7014925373134329,0.4017094017094017,67,167
vocadito,36,mix,-5.0,Skelpolu - Human Mistakes,madmom_cnn,0.27450980392156865,0.835820895522388,0.41328413284132837,67,204
vocadito,36,separated,-5.0,Skelpolu - Human Mistakes,spectral_flux,0.4132231404958678,0.746268656716418,0.5319148936170213,67,121
vocadito,36,separated,-5.0,Skelpolu - Human Mistakes,superflux,0.5104166666666666,0.7313432835820896,0.6012269938650306,67,96
vocadito,36,separated,-5.0,Skelpolu - Human Mistakes,madmom_cnn,0.6219512195121951,0.7611940298507462,0.6845637583892618,67,82
vocadito,36,mix,0.0,Skelpolu - Human Mistakes,spectral_flux,0.3,0.8059701492537313,0.43724696356275305,67,180
vocadito,36,mix,0.0,Skelpolu - Human Mistakes,superflux,0.28160919540229884,0.7313432835820896,0.40663900414937754,67,174
vocadito,36,mix,0.0,Skelpolu - Human Mistakes,madmom_cnn,0.2871287128712871,0.8656716417910447,0.4312267657992565,67,202
vocadito,36,separated,0.0,Skelpolu - Human Mistakes,spectral_flux,0.4752475247524752,0.7164179104477612,0.5714285714285715,67,101
vocadito,36,separated,0.0,Skelpolu - Human Mistakes,superflux,0.5434782608695652,0.746268656716418,0.6289308176100628,67,92
vocadito,36,separated,0.0,Skelpolu - Human Mistakes,madmom_cnn,0.5949367088607594,0.7014925373134329,0.6438356164383561,67,79
vocadito,36,mix,5.0,Skelpolu - Human Mistakes,spectral_flux,0.31891891891891894,0.8805970149253731,0.4682539682539683,67,185
vocadito,36,mix,5.0,Skelpolu - Human Mistakes,superflux,0.30434782608695654,0.835820895522388,0.4462151394422311,67,184
vocadito,36,mix,5.0,Skelpolu - Human Mistakes,madmom_cnn,0.3072916666666667,0.8805970149253731,0.4555984555984557,67,192
vocadito,36,separated,5.0,Skelpolu - Human Mistakes,spectral_flux,0.5212765957446809,0.7313432835820896,0.6086956521739131,67,94
vocadito,36,separated,5.0,Skelpolu - Human Mistakes,superflux,0.5632183908045977,0.7313432835820896,0.6363636363636364,67,87
vocadito,36,separated,5.0,Skelpolu - Human Mistakes,madmom_cnn,0.5875,0.7014925373134329,0.6394557823129252,67,80
vocadito,37,clean,,The Long Wait - Back Home To Blue,spectral_flux,0.4411764705882353,0.5882352941176471,0.5042016806722689,51,68
vocadito,37,clean,,The Long Wait - Back Home To Blue,superflux,0.4642857142857143,0.5098039215686274,0.48598130841121495,51,56
vocadito,37,clean,,The Long Wait - Back Home To Blue,madmom_cnn,0.5961538461538461,0.6078431372549019,0.6019417475728156,51,52
vocadito,37,mix,-5.0,The Long Wait - Back Home To Blue,spectral_flux,0.15021459227467812,0.6862745098039216,0.2464788732394366,51,233
vocadito,37,mix,-5.0,The Long Wait - Back Home To Blue,superflux,0.15346534653465346,0.6078431372549019,0.24505928853754938,51,202
vocadito,37,mix,-5.0,The Long Wait - Back Home To Blue,madmom_cnn,0.16666666666666666,0.6274509803921569,0.2633744855967078,51,192
vocadito,37,separated,-5.0,The Long Wait - Back Home To Blue,spectral_flux,0.3333333333333333,0.5490196078431373,0.41481481481481486,51,84
vocadito,37,separated,-5.0,The Long Wait - Back Home To Blue,superflux,0.5111111111111111,0.45098039215686275,0.4791666666666667,51,45
vocadito,37,separated,-5.0,The Long Wait - Back Home To Blue,madmom_cnn,0.8333333333333334,0.49019607843137253,0.6172839506172839,51,30
vocadito,37,mix,0.0,The Long Wait - Back Home To Blue,spectral_flux,0.1574468085106383,0.7254901960784313,0.25874125874125875,51,235
vocadito,37,mix,0.0,The Long Wait - Back Home To Blue,superflux,0.17258883248730963,0.6666666666666666,0.2741935483870968,51,197
vocadito,37,mix,0.0,The Long Wait - Back Home To Blue,madmom_cnn,0.19230769230769232,0.6862745098039216,0.30042918454935624,51,182
vocadito,37,separated,0.0,The Long Wait - Back Home To Blue,spectral_flux,0.4166666666666667,0.5882352941176471,0.48780487804878053,51,72
vocadito,37,separated,0.0,The Long Wait - Back Home To Blue,superflux,0.5581395348837209,0.47058823529411764,0.5106382978723404,51,43
vocadito,37,separated,0.0,The Long Wait - Back Home To Blue,madmom_cnn,0.8484848484848485,0.5490196078431373,0.6666666666666667,51,33
vocadito,37,mix,5.0,The Long Wait - Back Home To Blue,spectral_flux,0.17256637168141592,0.7647058823529411,0.2815884476534296,51,226
vocadito,37,mix,5.0,The Long Wait - Back Home To Blue,superflux,0.18478260869565216,0.6666666666666666,0.28936170212765955,51,184
vocadito,37,mix,5.0,The Long Wait - Back Home To Blue,madmom_cnn,0.2046783625730994,0.6862745098039216,0.3153153153153153,51,171
vocadito,37,separated,5.0,The Long Wait - Back Home To Blue,spectral_flux,0.5074626865671642,0.6666666666666666,0.576271186440678,51,67
vocadito,37,separated,5.0,The Long Wait - Back Home To Blue,superflux,0.5333333333333333,0.47058823529411764,0.5,51,45
vocadito,37,separated,5.0,The Long Wait - Back Home To Blue,madmom_cnn,0.7714285714285715,0.5294117647058824,0.627906976744186,51,35
vocadito,38,clean,,Buitraker - Revo X,spectral_flux,0.49122807017543857,0.717948717948718,0.5833333333333334,78,114
vocadito,38,clean,,Buitraker - Revo X,superflux,0.5288461538461539,0.7051282051282052,0.6043956043956045,78,104
vocadito,38,clean,,Buitraker - Revo X,madmom_cnn,0.5128205128205128,0.7692307692307693,0.6153846153846154,78,117
vocadito,38,mix,-5.0,Buitraker - Revo X,spectral_flux,0.3333333333333333,0.8076923076923077,0.47191011235955055,78,189
vocadito,38,mix,-5.0,Buitraker - Revo X,superflux,0.3433734939759036,0.7307692307692307,0.4672131147540984,78,166
vocadito,38,mix,-5.0,Buitraker - Revo X,madmom_cnn,0.38461538461538464,0.7051282051282052,0.49773755656108604,78,143
vocadito,38,separated,-5.0,Buitraker - Revo X,spectral_flux,0.4621212121212121,0.782051282051282,0.580952380952381,78,132
vocadito,38,separated,-5.0,Buitraker - Revo X,superflux,0.5463917525773195,0.6794871794871795,0.6057142857142856,78,97
vocadito,38,separated,-5.0,Buitraker - Revo X,madmom_cnn,0.7023809523809523,0.7564102564102564,0.728395061728395,78,84
vocadito,38,mix,0.0,Buitraker - Revo X,spectral_flux,0.3551912568306011,0.8333333333333334,0.49808429118773945,78,183
vocadito,38,mix,0.0,Buitraker - Revo X,superflux,0.37341772151898733,0.7564102564102564,0.5,78,158
vocadito,38,mix,0.0,Buitraker - Revo X,madmom_cnn,0.40939597315436244,0.782051282051282,0.5374449339207048,78,149
vocadito,38,separated,0.0,Buitraker - Revo X,spectral_flux,0.4789915966386555,0.7307692307692307,0.5786802030456852,78,119
vocadito,38,separated,0.0,Buitraker - Revo X,superflux,0.5510204081632653,0.6923076923076923,0.6136363636363635,78,98
vocadito,38,separated,0.0,Buitraker - Revo X,madmom_cnn,0.6593406593406593,0.7692307692307693,0.7100591715976332,78,91
vocadito,38,mix,5.0,Buitraker - Revo X,spectral_flux,0.37888198757763975,0.782051282051282,0.5104602510460251,78,161
vocadito,38,mix,5.0,Buitraker - Revo X,superflux,0.391304347826087,0.6923076923076923,0.5,78,138
vocadito,38,mix,5.0,Buitraker - Revo X,madmom_cnn,0.42567567567567566,0.8076923076923077,0.5575221238938053,78,148
vocadito,38,separated,5.0,Buitraker - Revo X,spectral_flux,0.49166666666666664,0.7564102564102564,0.5959595959595959,78,120
vocadito,38,separated,5.0,Buitraker - Revo X,superflux,0.5436893203883495,0.717948717948718,0.6187845303867404,78,103
vocadito,38,separated,5.0,Buitraker - Revo X,madmom_cnn,0.62,0.7948717948717948,0.6966292134831461,78,100
vocadito,39,clean,,Angela Thomas Wade - Milk Cow Blues,spectral_flux,0.5,0.5434782608695652,0.5208333333333334,92,100
vocadito,39,clean,,Angela Thomas Wade - Milk Cow Blues,superflux,0.5340909090909091,0.5108695652173914,0.5222222222222223,92,88
vocadito,39,clean,,Angela Thomas Wade - Milk Cow Blues,madmom_cnn,0.574468085106383,0.5869565217391305,0.5806451612903226,92,94
vocadito,39,mix,-5.0,Angela Thomas Wade - Milk Cow Blues,spectral_flux,0.3115942028985507,0.4673913043478261,0.3739130434782609,92,138
vocadito,39,mix,-5.0,Angela Thomas Wade - Milk Cow Blues,superflux,0.3302752293577982,0.391304347826087,0.35820895522388063,92,109
vocadito,39,mix,-5.0,Angela Thomas Wade - Milk Cow Blues,madmom_cnn,0.3581081081081081,0.5760869565217391,0.4416666666666667,92,148
vocadito,39,separated,-5.0,Angela Thomas Wade - Milk Cow Blues,spectral_flux,0.49572649572649574,0.6304347826086957,0.5550239234449761,92,117
vocadito,39,separated,-5.0,Angela Thomas Wade - Milk Cow Blues,superflux,0.5975609756097561,0.532608695652174,0.5632183908045977,92,82
vocadito,39,separated,-5.0,Angela Thomas Wade - Milk Cow Blues,madmom_cnn,0.7166666666666667,0.4673913043478261,0.5657894736842105,92,60
vocadito,39,mix,0.0,Angela Thomas Wade - Milk Cow Blues,spectral_flux,0.3475177304964539,0.532608695652174,0.42060085836909866,92,141
vocadito,39,mix,0.0,Angela Thomas Wade - Milk Cow Blues,superflux,0.3577981651376147,0.42391304347826086,0.3880597014925373,92,109
vocadito,39,mix,0.0,Angela Thomas Wade - Milk Cow Blues,madmom_cnn,0.3825503355704698,0.6195652173913043,0.47302904564315357,92,149
vocadito,39,separated,0.0,Angela Thomas Wade - Milk Cow Blues,spectral_flux,0.5486725663716814,0.6739130434782609,0.6048780487804879,92,113
vocadito,39,separated,0.0,Angela Thomas Wade - Milk Cow Blues,superflux,0.5903614457831325,0.532608695652174,0.5599999999999999,92,83
vocadito,39,separated,0.0,Angela Thomas Wade - Milk Cow Blues,madmom_cnn,0.7101449275362319,0.532608695652174,0.6086956521739131,92,69
vocadito,39,mix,5.0,Angela Thomas Wade - Milk Cow Blues,spectral_flux,0.3355263157894737,0.5543478260869565,0.41803278688524587,92,152
vocadito,39,mix,5.0,Angela Thomas Wade - Milk Cow Blues,superflux,0.3524590163934426,0.4673913043478261,0.40186915887850466,92,122
vocadito,39,mix,5.0,Angela Thomas Wade - Milk Cow Blues,madmom_cnn,0.41843971631205673,0.6413043478260869,0.5064377682403434,92,141
vocadito,39,separated,5.0,Angela Thomas Wade - Milk Cow Blues,spectral_flux,0.5234375,0.7282608695652174,0.6090909090909091,92,128
vocadito,39,separated,5.0,Angela Thomas Wade - Milk Cow Blues,superflux,0.5783132530120482,0.5217391304347826,0.5485714285714285,92,83
vocadito,39,separated,5.0,Angela Thomas Wade - Milk Cow Blues,madmom_cnn,0.6933333333333334,0.5652173913043478,0.6227544910179641,92,75
vocadito,4,clean,,The Scarlet Brand - Les Fleurs Du Mal,spectral_flux,0.6571428571428571,0.6666666666666666,0.6618705035971223,69,70
vocadito,4,clean,,The Scarlet Brand - Les Fleurs Du Mal,superflux,0.6031746031746031,0.5507246376811594,0.5757575757575758,69,63
vocadito,4,clean,,The Scarlet Brand - Les Fleurs Du Mal,madmom_cnn,0.6923076923076923,0.6521739130434783,0.6716417910447761,69,65
vocadito,4,mix,-5.0,The Scarlet Brand - Les Fleurs Du Mal,spectral_flux,0.4056603773584906,0.6231884057971014,0.49142857142857144,69,106
vocadito,4,mix,-5.0,The Scarlet Brand - Les Fleurs Du Mal,superflux,0.3855421686746988,0.463768115942029,0.4210526315789474,69,83
vocadito,4,mix,-5.0,The Scarlet Brand - Les Fleurs Du Mal,madmom_cnn,0.4166666666666667,0.43478260869565216,0.425531914893617,69,72
vocadito,4,separated,-5.0,The Scarlet Brand - Les Fleurs Du Mal,spectral_flux,0.4098360655737705,0.7246376811594203,0.5235602094240839,69,122
vocadito,4,separated,-5.0,The Scarlet Brand - Les Fleurs Du Mal,superflux,0.5,0.6376811594202898,0.5605095541401274,69,88
vocadito,4,separated,-5.0,The Scarlet Brand - Les Fleurs Du Mal,madmom_cnn,0.7454545454545455,0.5942028985507246,0.661290322580645,69,55
vocadito,4,mix,0.0,The Scarlet Brand - Les Fleurs Du Mal,spectral_flux,0.43478260869565216,0.7246376811594203,0.5434782608695652,69,115
vocadito,4,mix,0.0,The Scarlet Brand - Les Fleurs Du Mal,superflux,0.4367816091954023,0.5507246376811594,0.48717948717948717,69,87
vocadito,4,mix,0.0,The Scarlet Brand - Les Fleurs Du Mal,madmom_cnn,0.46153846153846156,0.5217391304347826,0.4897959183673469,69,78
vocadito,4,separated,0.0,The Scarlet Brand - Les Fleurs Du Mal,spectral_flux,0.46078431372549017,0.6811594202898551,0.5497076023391813,69,102
vocadito,4,separated,0.0,The Scarlet Brand - Les Fleurs Du Mal,superflux,0.5405405405405406,0.5797101449275363,0.5594405594405595,69,74
vocadito,4,separated,0.0,The Scarlet Brand - Les Fleurs Du Mal,madmom_cnn,0.8076923076923077,0.6086956521739131,0.6942148760330579,69,52
vocadito,4,mix,5.0,The Scarlet Brand - Les Fleurs Du Mal,spectral_flux,0.423728813559322,0.7246376811594203,0.5347593582887701,69,118
vocadito,4,mix,5.0,The Scarlet Brand - Les Fleurs Du Mal,superflux,0.47191011235955055,0.6086956521739131,0.5316455696202531,69,89
vocadito,4,mix,5.0,The Scarlet Brand - Les Fleurs Du Mal,madmom_cnn,0.5180722891566265,0.6231884057971014,0.5657894736842106,69,83
vocadito,4,separated,5.0,The Scarlet Brand - Les Fleurs Du Mal,spectral_flux,0.618421052631579,0.6811594202898551,0.6482758620689655,69,76
vocadito,4,separated,5.0,The Scarlet Brand - Les Fleurs Du Mal,superflux,0.6451612903225806,0.5797101449275363,0.6106870229007634,69,62
vocadito,4,separated,5.0,The Scarlet Brand - Les Fleurs Du Mal,madmom_cnn,0.7777777777777778,0.6086956521739131,0.6829268292682927,69,54
vocadito,40,clean,,ANiMAL - Easy Tiger,spectral_flux,0.5555555555555556,0.6666666666666666,0.606060606060606,45,54
vocadito,40,clean,,ANiMAL - Easy Tiger,superflux,0.6086956521739131,0.6222222222222222,0.6153846153846154,45,46
vocadito,40,clean,,ANiMAL - Easy Tiger,madmom_cnn,0.7333333333333333,0.7333333333333333,0.7333333333333333,45,45
vocadito,40,mix,-5.0,ANiMAL - Easy Tiger,spectral_flux,0.29357798165137616,0.7111111111111111,0.4155844155844156,45,109
vocadito,40,mix,-5.0,ANiMAL - Easy Tiger,superflux,0.3163265306122449,0.6888888888888889,0.4335664335664336,45,98
vocadito,40,mix,-5.0,ANiMAL - Easy Tiger,madmom_cnn,0.26618705035971224,0.8222222222222222,0.4021739130434783,45,139
vocadito,40,separated,-5.0,ANiMAL - Easy Tiger,spectral_flux,0.3958333333333333,0.8444444444444444,0.5390070921985816,45,96
vocadito,40,separated,-5.0,ANiMAL - Easy Tiger,superflux,0.5081967213114754,0.6888888888888889,0.5849056603773585,45,61
vocadito,40,separated,-5.0,ANiMAL - Easy Tiger,madmom_cnn,0.7619047619047619,0.7111111111111111,0.735632183908046,45,42
vocadito,40,mix,0.0,ANiMAL - Easy Tiger,spectral_flux,0.29310344827586204,0.7555555555555555,0.4223602484472049,45,116
vocadito,40,mix,0.0,ANiMAL - Easy Tiger,superflux,0.3106796116504854,0.7111111111111111,0.43243243243243246,45,103
vocadito,40,mix,0.0,ANiMAL - Easy Tiger,madmom_cnn,0.2857142857142857,0.8,0.4210526315789473,45,126
vocadito,40,separated,0.0,ANiMAL - Easy Tiger,spectral_flux,0.43209876543209874,0.7777777777777778,0.5555555555555556,45,81
vocadito,40,separated,0.0,ANiMAL - Easy Tiger,superflux,0.5555555555555556,0.6666666666666666,0.606060606060606,45,54
vocadito,40,separated,0.0,ANiMAL - Easy Tiger,madmom_cnn,0.7857142857142857,0.7333333333333333,0.7586206896551724,45,42
vocadito,40,mix,5.0,ANiMAL - Easy Tiger,spectral_flux,0.3,0.8,0.4363636363636363,45,120
vocadito,40,mix,5.0,ANiMAL - Easy Tiger,superflux,0.3238095238095238,0.7555555555555555,0.45333333333333337,45,105
vocadito,40,mix,5.0,ANiMAL - Easy Tiger,madmom_cnn,0.3392857142857143,0.8444444444444444,0.48407643312101917,45,112
vocadito,40,separated,5.0,ANiMAL - Easy Tiger,spectral_flux,0.5,0.7333333333333333,0.5945945945945945,45,66
vocadito,40,separated,5.0,ANiMAL - Easy Tiger,superflux,0.5283018867924528,0.6222222222222222,0.5714285714285715,45,53
vocadito,40,separated,5.0,ANiMAL - Easy Tiger,madmom_cnn,0.8048780487804879,0.7333333333333333,0.7674418604651163,45,41
vocadito,5,clean,,Moosmusic - Big Dummy Shake,spectral_flux,0.5726495726495726,0.6979166666666666,0.6291079812206571,96,117
vocadito,5,clean,,Moosmusic - Big Dummy Shake,superflux,0.5789473684210527,0.5729166666666666,0.5759162303664922,96,95
vocadito,5,clean,,Moosmusic - Big Dummy Shake,madmom_cnn,0.6276595744680851,0.6145833333333334,0.6210526315789473,96,94
vocadito,5,mix,-5.0,Moosmusic - Big Dummy Shake,spectral_flux,0.3375796178343949,0.5520833333333334,0.41897233201581024,96,157
vocadito,5,mix,-5.0,Moosmusic - Big Dummy Shake,superflux,0.4028776978417266,0.5833333333333334,0.47659574468085103,96,139
vocadito,5,mix,-5.0,Moosmusic - Big Dummy Shake,madmom_cnn,0.345679012345679,0.5833333333333334,0.43410852713178294,96,162
vocadito,5,separated,-5.0,Moosmusic - Big Dummy Shake,spectral_flux,0.44776119402985076,0.625,0.5217391304347827,96,134
vocadito,5,separated,-5.0,Moosmusic - Big Dummy Shake,superflux,0.5698924731182796,0.5520833333333334,0.5608465608465609,96,93
vocadito,5,separated,-5.0,Moosmusic - Big Dummy Shake,madmom_cnn,0.7714285714285715,0.5625,0.6506024096385543,96,70
vocadito,5,mix,0.0,Moosmusic - Big Dummy Shake,spectral_flux,0.3815028901734104,0.6875,0.4907063197026022,96,173
vocadito,5,mix,0.0,Moosmusic - Big Dummy Shake,superflux,0.4105960264900662,0.6458333333333334,0.5020242914979757,96,151
vocadito,5,mix,0.0,Moosmusic - Big Dummy Shake,madmom_cnn,0.38271604938271603,0.6458333333333334,0.48062015503875966,96,162
vocadito,5,separated,0.0,Moosmusic - Big Dummy Shake,spectral_flux,0.46774193548387094,0.6041666666666666,0.5272727272727272,96,124
vocadito,5,separated,0.0,Moosmusic - Big Dummy Shake,superflux,0.5851063829787234,0.5729166666666666,0.5789473684210527,96,94
vocadito,5,separated,0.0,Moosmusic - Big Dummy Shake,madmom_cnn,0.7088607594936709,0.5833333333333334,0.64,96,79
vocadito,5,mix,5.0,Moosmusic - Big Dummy Shake,spectral_flux,0.3954802259887006,0.7291666666666666,0.5128205128205128,96,177
vocadito,5,mix,5.0,Moosmusic - Big Dummy Shake,superflux,0.41025641025641024,0.6666666666666666,0.5079365079365079,96,156
vocadito,5,mix,5.0,Moosmusic - Big Dummy Shake,madmom_cnn,0.4375,0.7291666666666666,0.546875,96,160
vocadito,5,separated,5.0,Moosmusic - Big Dummy Shake,spectral_flux,0.5,0.6354166666666666,0.5596330275229359,96,122
vocadito,5,separated,5.0,Moosmusic - Big Dummy Shake,superflux,0.5729166666666666,0.5729166666666666,0.5729166666666666,96,96
vocadito,5,separated,5.0,Moosmusic - Big Dummy Shake,madmom_cnn,0.6829268292682927,0.5833333333333334,0.6292134831460675,96,82
vocadito,6,clean,,Alexander Ross - Velvet Curtain,spectral_flux,0.4794520547945205,0.4794520547945205,0.4794520547945205,73,73
vocadito,6,clean,,Alexander Ross - Velvet Curtain,superflux,0.4791666666666667,0.3150684931506849,0.38016528925619836,73,48
vocadito,6,clean,,Alexander Ross - Velvet Curtain,madmom_cnn,0.5135135135135135,0.5205479452054794,0.5170068027210885,73,74
vocadito,6,mix,-5.0,Alexander Ross - Velvet Curtain,spectral_flux,0.2874251497005988,0.6575342465753424,0.39999999999999997,73,167
vocadito,6,mix,-5.0,Alexander Ross - Velvet Curtain,superflux,0.325,0.5342465753424658,0.40414507772020725,73,120
vocadito,6,mix,-5.0,Alexander Ross - Velvet Curtain,madmom_cnn,0.2740740740740741,0.5068493150684932,0.3557692307692307,73,135
vocadito,6,separated,-5.0,Alexander Ross - Velvet Curtain,spectral_flux,0.4126984126984127,0.7123287671232876,0.5226130653266331,73,126
vocadito,6,separated,-5.0,Alexander Ross - Velvet Curtain,superflux,0.515625,0.4520547945205479,0.4817518248175182,73,64
vocadito,6,separated,-5.0,Alexander Ross - Velvet Curtain,madmom_cnn,0.6071428571428571,0.4657534246575342,0.5271317829457364,73,56
vocadito,6,mix,0.0,Alexander Ross - Velvet Curtain,spectral_flux,0.292817679558011,0.726027397260274,0.41732283464566927,73,181
vocadito,6,mix,0.0,Alexander Ross - Velvet Curtain,superflux,0.3435114503816794,0.6164383561643836,0.4411764705882353,73,131
vocadito,6,mix,0.0,Alexander Ross - Velvet Curtain,madmom_cnn,0.3383458646616541,0.6164383561643836,0.4368932038834951,73,133
vocadito,6,separated,0.0,Alexander Ross - Velvet Curtain,spectral_flux,0.42727272727272725,0.6438356164383562,0.5136612021857924,73,110
vocadito,6,separated,0.0,Alexander Ross - Velvet Curtain,superflux,0.5,0.4383561643835616,0.46715328467153283,73,64
vocadito,6,separated,0.0,Alexander Ross - Velvet Curtain,madmom_cnn,0.6,0.4931506849315068,0.5413533834586466,73,60
vocadito,6,mix,5.0,Alexander Ross - Velvet Curtain,spectral_flux,0.28421052631578947,0.7397260273972602,0.4106463878326997,73,190
vocadito,6,mix,5.0,Alexander Ross - Velvet Curtain,superflux,0.33070866141732286,0.5753424657534246,0.42000000000000004,73,127
vocadito,6,mix,5.0,Alexander Ross - Velvet Curtain,madmom_cnn,0.3853211009174312,0.5753424657534246,0.4615384615384615,73,109
vocadito,6,separated,5.0,Alexander Ross - Velvet Curtain,spectral_flux,0.4090909090909091,0.6164383561643836,0.4918032786885246,73,110
vocadito,6,separated,5.0,Alexander Ross - Velvet Curtain,superflux,0.5074626865671642,0.4657534246575342,0.4857142857142857,73,67
vocadito,6,separated,5.0,Alexander Ross - Velvet Curtain,madmom_cnn,0.6,0.5342465753424658,0.5652173913043479,73,65
vocadito,7,clean,,Fergessen - The Wind,spectral_flux,0.6296296296296297,0.723404255319149,0.6732673267326733,47,54
vocadito,7,clean,,Fergessen - The Wind,superflux,0.7021276595744681,0.7021276595744681,0.7021276595744681,47,47
vocadito,7,clean,,Fergessen - The Wind,madmom_cnn,0.782608695652174,0.7659574468085106,0.7741935483870968,47,46
vocadito,7,mix,-5.0,Fergessen - The Wind,spectral_flux,0.21641791044776118,0.6170212765957447,0.3204419889502762,47,134
vocadito,7,mix,-5.0,Fergessen - The Wind,superflux,0.23931623931623933,0.5957446808510638,0.3414634146341463,47,117
vocadito,7,mix,-5.0,Fergessen - The Wind,madmom_cnn,0.29411764705882354,0.5319148936170213,0.3787878787878788,47,85
vocadito,7,separated,-5.0,Fergessen - The Wind,spectral_flux,0.4457831325301205,0.7872340425531915,0.5692307692307692,47,83
vocadito,7,separated,-5.0,Fergessen - The Wind,superflux,0.6666666666666666,0.723404255319149,0.6938775510204082,47,51
vocadito,7,separated,-5.0,Fergessen - The Wind,madmom_cnn,0.9428571428571428,0.7021276595744681,0.8048780487804879,47,35
vocadito,7,mix,0.0,Fergessen - The Wind,spectral_flux,0.26119402985074625,0.7446808510638298,0.3867403314917127,47,134
vocadito,7,mix,0.0,Fergessen - The Wind,superflux,0.2786885245901639,0.723404255319149,0.40236686390532544,47,122
vocadito,7,mix,0.0,Fergessen - The Wind,madmom_cnn,0.39759036144578314,0.7021276595744681,0.5076923076923077,47,83
vocadito,7,separated,0.0,Fergessen - The Wind,spectral_flux,0.46835443037974683,0.7872340425531915,0.5873015873015873,47,79
vocadito,7,separated,0.0,Fergessen - The Wind,superflux,0.7,0.7446808510638298,0.7216494845360825,47,50
vocadito,7,separated,0.0,Fergessen - The Wind,madmom_cnn,0.9444444444444444,0.723404255319149,0.8192771084337349,47,36
vocadito,7,mix,5.0,Fergessen - The Wind,spectral_flux,0.2753623188405797,0.8085106382978723,0.41081081081081083,47,138
vocadito,7,mix,5.0,Fergessen - The Wind,superflux,0.3394495412844037,0.7872340425531915,0.47435897435897434,47,109
vocadito,7,mix,5.0,Fergessen - The Wind,madmom_cnn,0.4805194805194805,0.7872340425531915,0.5967741935483871,47,77
vocadito,7,separated,5.0,Fergessen - The Wind,spectral_flux,0.5428571428571428,0.8085106382978723,0.6495726495726495,47,70
vocadito,7,separated,5.0,Fergessen - The Wind,superflux,0.7446808510638298,0.7446808510638298,0.7446808510638298,47,47
vocadito,7,separated,5.0,Fergessen - The Wind,madmom_cnn,0.9459459459459459,0.7446808510638298,0.8333333333333334,47,37
vocadito,8,clean,,Little Chicago's Finest - My Own,spectral_flux,0.5094339622641509,0.675,0.5806451612903226,40,53
vocadito,8,clean,,Little Chicago's Finest - My Own,superflux,0.5370370370370371,0.725,0.6170212765957447,40,54
vocadito,8,clean,,Little Chicago's Finest - My Own,madmom_cnn,0.775,0.775,0.775,40,40
vocadito,8,mix,-5.0,Little Chicago's Finest - My Own,spectral_flux,0.3291139240506329,0.65,0.4369747899159664,40,79
vocadito,8,mix,-5.0,Little Chicago's Finest - My Own,superflux,0.2727272727272727,0.525,0.358974358974359,40,77
vocadito,8,mix,-5.0,Little Chicago's Finest - My Own,madmom_cnn,0.358695652173913,0.825,0.4999999999999999,40,92
vocadito,8,separated,-5.0,Little Chicago's Finest - My Own,spectral_flux,0.4074074074074074,0.825,0.5454545454545454,40,81
vocadito,8,separated,-5.0,Little Chicago's Finest - My Own,superflux,0.46153846153846156,0.75,0.5714285714285714,40,65
vocadito,8,separated,-5.0,Little Chicago's Finest - My Own,madmom_cnn,0.7894736842105263,0.75,0.7692307692307692,40,38
vocadito,8,mix,0.0,Little Chicago's Finest - My Own,spectral_flux,0.32098765432098764,0.65,0.4297520661157025,40,81
vocadito,8,mix,0.0,Little Chicago's Finest - My Own,superflux,0.27848101265822783,0.55,0.3697478991596639,40,79
vocadito,8,mix,0.0,Little Chicago's Finest - My Own,madmom_cnn,0.37777777777777777,0.85,0.523076923076923,40,90
vocadito,8,separated,0.0,Little Chicago's Finest - My Own,spectral_flux,0.47692307692307695,0.775,0.5904761904761905,40,65
vocadito,8,separated,0.0,Little Chicago's Finest - My Own,superflux,0.5172413793103449,0.75,0.6122448979591838,40,58
vocadito,8,separated,0.0,Little Chicago's Finest - My Own,madmom_cnn,0.8,0.8,0.8000000000000002,40,40
vocadito,8,mix,5.0,Little Chicago's Finest - My Own,spectral_flux,0.35294117647058826,0.75,0.48,40,85
vocadito,8,mix,5.0,Little Chicago's Finest - My Own,superflux,0.3157894736842105,0.6,0.41379310344827586,40,76
vocadito,8,mix,5.0,Little Chicago's Finest - My Own,madmom_cnn,0.37777777777777777,0.85,0.523076923076923,40,90
vocadito,8,separated,5.0,Little Chicago's Finest - My Own,spectral_flux,0.5,0.75,0.6,40,60
vocadito,8,separated,5.0,Little Chicago's Finest - My Own,superflux,0.5178571428571429,0.725,0.6041666666666666,40,56
vocadito,8,separated,5.0,Little Chicago's Finest - My Own,madmom_cnn,0.7804878048780488,0.8,0.7901234567901235,40,41
vocadito,9,clean,,James May - On The Line,spectral_flux,0.6428571428571429,0.7258064516129032,0.6818181818181818,62,70
vocadito,9,clean,,James May - On The Line,superflux,0.5797101449275363,0.6451612903225806,0.6106870229007634,62,69
vocadito,9,clean,,James May - On The Line,madmom_cnn,0.7833333333333333,0.7580645161290323,0.7704918032786884,62,60
vocadito,9,mix,-5.0,James May - On The Line,spectral_flux,0.34959349593495936,0.6935483870967742,0.4648648648648649,62,123
vocadito,9,mix,-5.0,James May - On The Line,superflux,0.40963855421686746,0.5483870967741935,0.46896551724137925,62,83
vocadito,9,mix,-5.0,James May - On The Line,madmom_cnn,0.4948453608247423,0.7741935483870968,0.6037735849056605,62,97
vocadito,9,separated,-5.0,James May - On The Line,spectral_flux,0.6133333333333333,0.7419354838709677,0.6715328467153284,62,75
vocadito,9,separated,-5.0,James May - On The Line,superflux,0.5915492957746479,0.6774193548387096,0.631578947368421,62,71
vocadito,9,separated,-5.0,James May - On The Line,madmom_cnn,0.8035714285714286,0.7258064516129032,0.7627118644067797,62,56
vocadito,9,mix,0.0,James May - On The Line,spectral_flux,0.43564356435643564,0.7096774193548387,0.5398773006134969,62,101
vocadito,9,mix,0.0,James May - On The Line,superflux,0.47368421052631576,0.5806451612903226,0.5217391304347826,62,76
vocadito,9,mix,0.0,James May - On The Line,madmom_cnn,0.5227272727272727,0.7419354838709677,0.6133333333333333,62,88
vocadito,9,separated,0.0,James May - On The Line,spectral_flux,0.6285714285714286,0.7096774193548387,0.6666666666666666,62,70
vocadito,9,separated,0.0,James May - On The Line,superflux,0.6060606060606061,0.6451612903225806,0.625,62,66
vocadito,9,separated,0.0,James May - On The Line,madmom_cnn,0.8,0.7096774193548387,0.7521367521367521,62,55
vocadito,9,mix,5.0,James May - On The Line,spectral_flux,0.48863636363636365,0.6935483870967742,0.5733333333333334,62,88
vocadito,9,mix,5.0,James May - On The Line,superflux,0.5211267605633803,0.5967741935483871,0.556390977443609,62,71
vocadito,9,mix,5.0,James May - On The Line,madmom_cnn,0.6527777777777778,0.7580645161290323,0.7014925373134328,62,72
vocadito,9,separated,5.0,James May - On The Line,spectral_flux,0.6470588235294118,0.7096774193548387,0.6769230769230768,62,68
vocadito,9,separated,5.0,James May - On The Line,superflux,0.6176470588235294,0.6774193548387096,0.6461538461538462,62,68
vocadito,9,separated,5.0,James May - On The Line,madmom_cnn,0.7857142857142857,0.7096774193548387,0.7457627118644068,62,56
dagstuhl_choirset,DCS_LI_FullChoir_Take01,mix_orig,,,spectral_flux,0.13222079589216945,0.639751552795031,0.21914893617021278,161,779
dagstuhl_choirset,DCS_LI_FullChoir_Take01,mix_orig,,,superflux,0.1695906432748538,0.5403726708074534,0.25816023738872407,161,513
dagstuhl_choirset,DCS_LI_FullChoir_Take01,mix_orig,,,madmom_cnn,0.35384615384615387,0.14285714285714285,0.20353982300884957,161,65
dagstuhl_choirset,DCS_LI_FullChoir_Take01,separated,,,spectral_flux,0.13636363636363635,0.6335403726708074,0.2244224422442244,161,748
dagstuhl_choirset,DCS_LI_FullChoir_Take01,separated,,,superflux,0.1646586345381526,0.5093167701863354,0.2488619119878604,161,498
dagstuhl_choirset,DCS_LI_FullChoir_Take01,separated,,,madmom_cnn,0.32142857142857145,0.16770186335403728,0.22040816326530613,161,84
dagstuhl_choirset,DCS_LI_FullChoir_Take02,mix_orig,,,spectral_flux,0.20040080160320642,0.6211180124223602,0.30303030303030304,161,499
dagstuhl_choirset,DCS_LI_FullChoir_Take02,mix_orig,,,superflux,0.2899628252788104,0.484472049689441,0.3627906976744186,161,269
dagstuhl_choirset,DCS_LI_FullChoir_Take02,mix_orig,,,madmom_cnn,0.5283018867924528,0.17391304347826086,0.2616822429906542,161,53
dagstuhl_choirset,DCS_LI_FullChoir_Take02,separated,,,spectral_flux,0.18013468013468015,0.6645962732919255,0.28344370860927154,161,594
dagstuhl_choirset,DCS_LI_FullChoir_Take02,separated,,,superflux,0.19925512104283055,0.6645962732919255,0.30659025787965616,161,537
dagstuhl_choirset,DCS_LI_FullChoir_Take02,separated,,,madmom_cnn,0.4264705882352941,0.18012422360248448,0.25327510917030566,161,68
dagstuhl_choirset,DCS_LI_FullChoir_Take03,mix_orig,,,spectral_flux,0.13382507903055849,0.7888198757763976,0.22882882882882885,161,949
dagstuhl_choirset,DCS_LI_FullChoir_Take03,mix_orig,,,superflux,0.26907630522088355,0.4161490683229814,0.32682926829268294,161,249
dagstuhl_choirset,DCS_LI_FullChoir_Take03,mix_orig,,,madmom_cnn,0.42592592592592593,0.14285714285714285,0.213953488372093,161,54
dagstuhl_choirset,DCS_LI_FullChoir_Take03,separated,,,spectral_flux,0.1413793103448276,0.7639751552795031,0.2386032977691562,161,870
dagstuhl_choirset,DCS_LI_FullChoir_Take03,separated,,,superflux,0.29218106995884774,0.4409937888198758,0.3514851485148515,161,243
dagstuhl_choirset,DCS_LI_FullChoir_Take03,separated,,,madmom_cnn,0.45714285714285713,0.19875776397515527,0.27705627705627706,161,70
dagstuhl_choirset,DCS_LI_QuartetA_Take01,mix_orig,,,spectral_flux,0.1781512605042017,0.6583850931677019,0.2804232804232804,161,595
dagstuhl_choirset,DCS_LI_QuartetA_Take01,mix_orig,,,superflux,0.29180327868852457,0.5527950310559007,0.38197424892703863,161,305
dagstuhl_choirset,DCS_LI_QuartetA_Take01,mix_orig,,,madmom_cnn,0.3829787234042553,0.2236024844720497,0.2823529411764706,161,94
dagstuhl_choirset,DCS_LI_QuartetA_Take01,separated,,,spectral_flux,0.18294849023090587,0.639751552795031,0.2845303867403315,161,563
dagstuhl_choirset,DCS_LI_QuartetA_Take01,separated,,,superflux,0.29285714285714287,0.5093167701863354,0.3718820861678005,161,280
dagstuhl_choirset,DCS_LI_QuartetA_Take01,separated,,,madmom_cnn,0.3220338983050847,0.2360248447204969,0.27240143369175623,161,118
dagstuhl_choirset,DCS_LI_QuartetA_Take02,mix_orig,,,spectral_flux,0.17164179104477612,0.7142857142857143,0.2767749699157641,161,670
dagstuhl_choirset,DCS_LI_QuartetA_Take02,mix_orig,,,superflux,0.24128686327077747,0.5590062111801242,0.33707865168539325,161,373
dagstuhl_choirset,DCS_LI_QuartetA_Take02,mix_orig,,,madmom_cnn,0.32954545454545453,0.18012422360248448,0.2329317269076305,161,88
dagstuhl_choirset,DCS_LI_QuartetA_Take02,separated,,,spectral_flux,0.16803953871499178,0.6335403726708074,0.265625,161,607
dagstuhl_choirset,DCS_LI_QuartetA_Take02,separated,,,superflux,0.25787965616045844,0.5590062111801242,0.35294117647058826,161,349
dagstuhl_choirset,DCS_LI_QuartetA_Take02,separated,,,madmom_cnn,0.34579439252336447,0.22981366459627328,0.2761194029850746,161,107
dagstuhl_choirset,DCS_LI_QuartetA_Take03,mix_orig,,,spectral_flux,0.21766561514195584,0.42857142857142855,0.28870292887029286,161,317
dagstuhl_choirset,DCS_LI_QuartetA_Take03,mix_orig,,,superflux,0.19174041297935104,0.40372670807453415,0.26,161,339
dagstuhl_choirset,DCS_LI_QuartetA_Take03,mix_orig,,,madmom_cnn,0.29896907216494845,0.18012422360248448,0.22480620155038758,161,97
dagstuhl_choirset,DCS_LI_QuartetA_Take03,separated,,,spectral_flux,0.17567567567567569,0.5652173913043478,0.2680412371134021,161,518
dagstuhl_choirset,DCS_LI_QuartetA_Take03,separated,,,superflux,0.20396600566572237,0.4472049689440994,0.2801556420233463,161,353
dagstuhl_choirset,DCS_LI_QuartetA_Take03,separated,,,madmom_cnn,0.288,0.2236024844720497,0.2517482517482517,161,125
dagstuhl_choirset,DCS_LI_QuartetA_Take04,mix_orig,,,spectral_flux,0.1422172452407615,0.7888198757763976,0.2409867172675522,161,893
dagstuhl_choirset,DCS_LI_QuartetA_Take04,mix_orig,,,superflux,0.1859582542694497,0.6086956521739131,0.28488372093023256,161,527
dagstuhl_choirset,DCS_LI_QuartetA_Take04,mix_orig,,,madmom_cnn,0.41237113402061853,0.2484472049689441,0.31007751937984496,161,97
dagstuhl_choirset,DCS_LI_QuartetA_Take04,separated,,,spectral_flux,0.14874141876430205,0.8074534161490683,0.25120772946859904,161,874
dagstuhl_choirset,DCS_LI_QuartetA_Take04,separated,,,superflux,0.18149466192170818,0.6335403726708074,0.2821576763485477,161,562
dagstuhl_choirset,DCS_LI_QuartetA_Take04,separated,,,madmom_cnn,0.39669421487603307,0.2981366459627329,0.3404255319148936,161,121
dagstuhl_choirset,DCS_LI_QuartetA_Take05,mix_orig,,,spectral_flux,0.14593908629441624,0.7142857142857143,0.2423603793466807,161,788
dagstuhl_choirset,DCS_LI_QuartetA_Take05,mix_orig,,,superflux,0.21551724137931033,0.4658385093167702,0.2946954813359528,161,348
dagstuhl_choirset,DCS_LI_QuartetA_Take05,mix_orig,,,madmom_cnn,0.35789473684210527,0.2111801242236025,0.265625,161,95
dagstuhl_choirset,DCS_LI_QuartetA_Take05,separated,,,spectral_flux,0.14688427299703263,0.6149068322981367,0.237125748502994,161,674
dagstuhl_choirset,DCS_LI_QuartetA_Take05,separated,,,superflux,0.22741433021806853,0.453416149068323,0.30290456431535273,161,321
dagstuhl_choirset,DCS_LI_QuartetA_Take05,separated,,,madmom_cnn,0.33070866141732286,0.2608695652173913,0.2916666666666667,161,127
dagstuhl_choirset,DCS_LI_QuartetA_Take06,mix_orig,,,spectral_flux,0.17457627118644067,0.639751552795031,0.27430093209054596,161,590
dagstuhl_choirset,DCS_LI_QuartetA_Take06,mix_orig,,,superflux,0.2765957446808511,0.484472049689441,0.35214446952595935,161,282
dagstuhl_choirset,DCS_LI_QuartetA_Take06,mix_orig,,,madmom_cnn,0.425531914893617,0.2484472049689441,0.3137254901960784,161,94
dagstuhl_choirset,DCS_LI_QuartetA_Take06,separated,,,spectral_flux,0.17586206896551723,0.6335403726708074,0.27530364372469635,161,580
dagstuhl_choirset,DCS_LI_QuartetA_Take06,separated,,,superflux,0.2777777777777778,0.4658385093167702,0.3480278422273782,161,270
dagstuhl_choirset,DCS_LI_QuartetA_Take06,separated,,,madmom_cnn,0.43859649122807015,0.3105590062111801,0.36363636363636365,161,114
dagstuhl_choirset,DCS_LI_QuartetB_Take01,mix_orig,,,spectral_flux,0.22082585278276481,0.7639751552795031,0.3426183844011142,161,557
dagstuhl_choirset,DCS_LI_QuartetB_Take01,mix_orig,,,superflux,0.44329896907216493,0.5341614906832298,0.4845070422535211,161,194
dagstuhl_choirset,DCS_LI_QuartetB_Take01,mix_orig,,,madmom_cnn,0.5445544554455446,0.3416149068322981,0.4198473282442748,161,101
dagstuhl_choirset,DCS_LI_QuartetB_Take01,separated,,,spectral_flux,0.23772102161100198,0.7515527950310559,0.3611940298507463,161,509
dagstuhl_choirset,DCS_LI_QuartetB_Take01,separated,,,superflux,0.43478260869565216,0.4968944099378882,0.463768115942029,161,184
dagstuhl_choirset,DCS_LI_QuartetB_Take01,separated,,,madmom_cnn,0.5203252032520326,0.39751552795031053,0.4507042253521127,161,123
dagstuhl_choirset,DCS_LI_QuartetB_Take02,mix_orig,,,spectral_flux,0.20707964601769913,0.7267080745341615,0.32231404958677684,161,565
dagstuhl_choirset,DCS_LI_QuartetB_Take02,mix_orig,,,superflux,0.337037037037037,0.5652173913043478,0.42227378190255216,161,270
dagstuhl_choirset,DCS_LI_QuartetB_Take02,mix_orig,,,madmom_cnn,0.48360655737704916,0.36645962732919257,0.4169611307420495,161,122
dagstuhl_choirset,DCS_LI_QuartetB_Take02,separated,,,spectral_flux,0.2047970479704797,0.6894409937888198,0.3157894736842105,161,542
dagstuhl_choirset,DCS_LI_QuartetB_Take02,separated,,,superflux,0.3155893536121673,0.515527950310559,0.3915094339622642,161,263
dagstuhl_choirset,DCS_LI_QuartetB_Take02,separated,,,madmom_cnn,0.45323741007194246,0.391304347826087,0.42000000000000004,161,139
dagstuhl_choirset,DCS_LI_QuartetB_Take03,mix_orig,,,spectral_flux,0.1695364238410596,0.7950310559006211,0.2794759825327511,161,755
dagstuhl_choirset,DCS_LI_QuartetB_Take03,mix_orig,,,superflux,0.26273458445040215,0.6086956521739131,0.3670411985018727,161,373
dagstuhl_choirset,DCS_LI_QuartetB_Take03,mix_orig,,,madmom_cnn,0.4954128440366973,0.33540372670807456,0.4,161,109
dagstuhl_choirset,DCS_LI_QuartetB_Take03,separated,,,spectral_flux,0.1983739837398374,0.7577639751552795,0.3144329896907216,161,615
dagstuhl_choirset,DCS_LI_QuartetB_Take03,separated,,,superflux,0.2887537993920973,0.5900621118012422,0.3877551020408163,161,329
dagstuhl_choirset,DCS_LI_QuartetB_Take03,separated,,,madmom_cnn,0.48031496062992124,0.37888198757763975,0.42361111111111105,161,127
dagstuhl_choirset,DCS_LI_QuartetB_Take04,mix_orig,,,spectral_flux,0.2911764705882353,0.6149068322981367,0.3952095808383234,161,340
dagstuhl_choirset,DCS_LI_QuartetB_Take04,mix_orig,,,superflux,0.4383561643835616,0.39751552795031053,0.41693811074918563,161,146
dagstuhl_choirset,DCS_LI_QuartetB_Take04,mix_orig,,,madmom_cnn,0.4672897196261682,0.3105590062111801,0.3731343283582089,161,107
dagstuhl_choirset,DCS_LI_QuartetB_Take04,separated,,,spectral_flux,0.3033033033033033,0.6273291925465838,0.40890688259109315,161,333
dagstuhl_choirset,DCS_LI_QuartetB_Take04,separated,,,superflux,0.45714285714285713,0.39751552795031053,0.4252491694352159,161,140
dagstuhl_choirset,DCS_LI_QuartetB_Take04,separated,,,madmom_cnn,0.42028985507246375,0.36024844720496896,0.3879598662207358,161,138
dagstuhl_choirset,DCS_LI_QuartetB_Take05,mix_orig,,,spectral_flux,0.16774193548387098,0.8074534161490683,0.2777777777777778,161,775
dagstuhl_choirset,DCS_LI_QuartetB_Take05,mix_orig,,,superflux,0.28225806451612906,0.6521739130434783,0.3939962476547843,161,372
dagstuhl_choirset,DCS_LI_QuartetB_Take05,mix_orig,,,madmom_cnn,0.5346534653465347,0.33540372670807456,0.4122137404580153,161,101
dagstuhl_choirset,DCS_LI_QuartetB_Take05,separated,,,spectral_flux,0.17379679144385027,0.8074534161490683,0.286028602860286,161,748
dagstuhl_choirset,DCS_LI_QuartetB_Take05,separated,,,superflux,0.2877094972067039,0.639751552795031,0.3969171483622351,161,358
dagstuhl_choirset,DCS_LI_QuartetB_Take05,separated,,,madmom_cnn,0.46825396825396826,0.36645962732919257,0.41114982578397213,161,126
dagstuhl_choirset,DCS_TP_FullChoir_Take01,mix_orig,,,spectral_flux,0.11284046692607004,0.7733333333333333,0.1969439728353141,75,514
dagstuhl_choirset,DCS_TP_FullChoir_Take01,mix_orig,,,superflux,0.20833333333333334,0.3333333333333333,0.25641025641025644,75,120
dagstuhl_choirset,DCS_TP_FullChoir_Take01,mix_orig,,,madmom_cnn,0.5,0.16,0.24242424242424243,75,24
dagstuhl_choirset,DCS_TP_FullChoir_Take01,separated,,,spectral_flux,0.12636165577342048,0.7733333333333333,0.21722846441947566,75,459
dagstuhl_choirset,DCS_TP_FullChoir_Take01,separated,,,superflux,0.1896551724137931,0.44,0.2650602409638554,75,174
dagstuhl_choirset,DCS_TP_FullChoir_Take01,separated,,,madmom_cnn,0.4722222222222222,0.22666666666666666,0.3063063063063063,75,36
dagstuhl_choirset,DCS_TP_FullChoir_Take02,mix_orig,,,spectral_flux,0.1162227602905569,0.64,0.19672131147540983,75,413
dagstuhl_choirset,DCS_TP_FullChoir_Take02,mix_orig,,,superflux,0.2153846153846154,0.37333333333333335,0.27317073170731704,75,130
dagstuhl_choirset,DCS_TP_FullChoir_Take02,mix_orig,,,madmom_cnn,0.34782608695652173,0.10666666666666667,0.16326530612244897,75,23
dagstuhl_choirset,DCS_TP_FullChoir_Take02,separated,,,spectral_flux,0.12359550561797752,0.5866666666666667,0.20417633410672853,75,356
dagstuhl_choirset,DCS_TP_FullChoir_Take02,separated,,,superflux,0.2109375,0.36,0.2660098522167487,75,128
dagstuhl_choirset,DCS_TP_FullChoir_Take02,separated,,,madmom_cnn,0.40625,0.17333333333333334,0.24299065420560748,75,32
dagstuhl_choirset,DCS_TP_FullChoir_Take03,mix_orig,,,spectral_flux,0.28169014084507044,0.26666666666666666,0.273972602739726,75,71
dagstuhl_choirset,DCS_TP_FullChoir_Take03,mix_orig,,,superflux,0.31666666666666665,0.25333333333333335,0.28148148148148144,75,60
dagstuhl_choirset,DCS_TP_FullChoir_Take03,mix_orig,,,madmom_cnn,0.46153846153846156,0.16,0.2376237623762376,75,26
dagstuhl_choirset,DCS_TP_FullChoir_Take03,separated,,,spectral_flux,0.2080536912751678,0.41333333333333333,0.2767857142857143,75,149
dagstuhl_choirset,DCS_TP_FullChoir_Take03,separated,,,superflux,0.22727272727272727,0.3333333333333333,0.27027027027027023,75,110
dagstuhl_choirset,DCS_TP_FullChoir_Take03,separated,,,madmom_cnn,0.45714285714285713,0.21333333333333335,0.29090909090909095,75,35
dagstuhl_choirset,DCS_TP_FullChoir_Take04,mix_orig,,,spectral_flux,0.17272727272727273,0.5066666666666667,0.2576271186440678,75,220
dagstuhl_choirset,DCS_TP_FullChoir_Take04,mix_orig,,,superflux,0.2761904761904762,0.38666666666666666,0.32222222222222224,75,105
dagstuhl_choirset,DCS_TP_FullChoir_Take04,mix_orig,,,madmom_cnn,0.625,0.26666666666666666,0.37383177570093457,75,32
dagstuhl_choirset,DCS_TP_FullChoir_Take04,separated,,,spectral_flux,0.13934426229508196,0.68,0.23129251700680273,75,366
dagstuhl_choirset,DCS_TP_FullChoir_Take04,separated,,,superflux,0.2872340425531915,0.36,0.31952662721893493,75,94
dagstuhl_choirset,DCS_TP_FullChoir_Take04,separated,,,madmom_cnn,0.5789473684210527,0.29333333333333333,0.3893805309734513,75,38
dagstuhl_choirset,DCS_TP_QuartetA_Take01,mix_orig,,,spectral_flux,0.37168141592920356,0.56,0.44680851063829785,75,113
dagstuhl_choirset,DCS_TP_QuartetA_Take01,mix_orig,,,superflux,0.5,0.24,0.32432432432432434,75,36
dagstuhl_choirset,DCS_TP_QuartetA_Take01,mix_orig,,,madmom_cnn,0.6363636363636364,0.28,0.3888888888888889,75,33
dagstuhl_choirset,DCS_TP_QuartetA_Take01,separated,,,spectral_flux,0.34146341463414637,0.56,0.42424242424242425,75,123
dagstuhl_choirset,DCS_TP_QuartetA_Take01,separated,,,superflux,0.47368421052631576,0.24,0.3185840707964602,75,38
dagstuhl_choirset,DCS_TP_QuartetA_Take01,separated,,,madmom_cnn,0.5576923076923077,0.38666666666666666,0.45669291338582674,75,52
dagstuhl_choirset,DCS_TP_QuartetA_Take02,mix_orig,,,spectral_flux,0.3595505617977528,0.4266666666666667,0.39024390243902435,75,89
dagstuhl_choirset,DCS_TP_QuartetA_Take02,mix_orig,,,superflux,0.3953488372093023,0.22666666666666666,0.288135593220339,75,43
dagstuhl_choirset,DCS_TP_QuartetA_Take02,mix_orig,,,madmom_cnn,0.6176470588235294,0.28,0.3853211009174312,75,34
dagstuhl_choirset,DCS_TP_QuartetA_Take02,separated,,,spectral_flux,0.37209302325581395,0.4266666666666667,0.39751552795031053,75,86
dagstuhl_choirset,DCS_TP_QuartetA_Take02,separated,,,superflux,0.40476190476190477,0.22666666666666666,0.29059829059829057,75,42
dagstuhl_choirset,DCS_TP_QuartetA_Take02,separated,,,madmom_cnn,0.54,0.36,0.43200000000000005,75,50
